active_source_references,asset_type,authority_inventory_bytes,authority_inventory_sha256,authority_witness_target_presence,current_public_source_package_presence,distribution_disposition,edition_id,existing_backend_record,extras_installed,format_classification,frozen_bytes,frozen_path,frozen_sha256,id,localized_derivative_target_presence,machine_backend_evidence_artifact_id,name,o018_pyomo_highs,platform_classification,proprietary_runtime_required_for_r017_workflow,recorded_at,redistribution_status,replacement_asset_ids,resource_id,responsible_workflow,rights_component_id,runtime,runtime_closure_disposition,runtime_closure_evidence_artifact_id,runtime_dependencies,runtime_dependency_ids,schema_name,schema_version,source_bytes,source_content_sha256,source_linkage,source_path,status,supersedes_id,target_bytes,target_content_sha256,target_hash_guard,target_path,version,visualization_runtime_closure_role,wheel_artifact_id,witness_kind
,external_source_csv_data,,,,,,edition.external.ooor-examples.b924d2fe,,,,163,authority/external/open-optimization-or-examples-b924d2fe61ee0ba925903aba615db4f46e65b4be/integer-programming/school_bus_data.csv,8caa2666672c507cf1317fcf87c2c66e2a1705c914573a6b87c80dfca5119817,asset.external.school-bus-data,,,,,,,2026-08-23T00:00:00+02:00,,,resource.external.open-optimization-or-examples,codex-r017-o018-id-production,rights.external.ooor-examples-policy,,,,,,interlanguage.asset,0.1.0,,,,,verified_with_caveat,,,,,,,,,
,markdown_attribution,,,,,,edition.o018.id-id.draft,,,,,,,asset.o018.attribution,,,,,,,2026-08-23T00:00:00+02:00,,,resource.o018.open-solver-lab,codex-r017-o018-id-production,rights.o018.prose-data,,,,,,interlanguage.asset,0.1.0,,,,,source_frozen,,1679,8d5f4230ee521ad30b3eb60aa49b0c8ed967a49f7e0769789a402d290d9b5e4c,pass,o018-open-solver-lab/ATTRIBUTION.md,,,,
,markdown_attribution,,,,,,edition.o018.id-id.draft,,,,,,,asset.o018.ch03.attribution,,,,,,,2026-08-23T00:00:00+02:00,,,resource.o018.open-solver-lab,codex-r017-o018-id-production,rights.o018.prose-data,,,,,,interlanguage.asset,0.1.0,,,,,verified,,2285,bd2d0bfeb0be156586e9e91e2ce7eb8ebdffa635aa1dea5e5c765f3e9999476f,pass,o018-open-solver-lab/ch03-spreadsheet-replacements/ATTRIBUTION.md,,,,
,model_data_json,,,,,,edition.o018.id-id.draft,,,,,,,asset.o018.ch03.data,,,,,,,2026-08-23T00:00:00+02:00,,,resource.o018.open-solver-lab,codex-r017-o018-id-production,rights.o018.prose-data,,,,,,interlanguage.asset,0.1.0,,,,,verified,,7670,6096489a90dfeadd8b3ef03ee6c9bfee42231049f4a0676c09bd220cbfa31294,pass,o018-open-solver-lab/ch03-spreadsheet-replacements/data.json,,,,
,expected_results_json,,,,,,edition.o018.id-id.draft,,,,,,,asset.o018.ch03.expected-results,,,,,,,2026-08-23T00:00:00+02:00,,,resource.o018.open-solver-lab,codex-r017-o018-id-production,rights.o018.prose-data,,,,,,interlanguage.asset,0.1.0,,,,,verified,,3196,ea5da4600c98fc29ab6edfdf726adbd0bfa2a3b04405b2c4a950b8287362c63b,pass,o018-open-solver-lab/ch03-spreadsheet-replacements/expected-results.json,,,,
,license_text,,,,,,edition.o018.id-id.draft,,,,,,,asset.o018.ch03.license-code,,,,,,,2026-08-23T00:00:00+02:00,,,resource.o018.open-solver-lab,codex-r017-o018-id-production,rights.o018.code,,,,,,interlanguage.asset,0.1.0,,,,,verified,,1091,3af65c07da546f32647333f84eb682f040ed45cabfa14ce5e1650f6a67f00ceb,pass,o018-open-solver-lab/ch03-spreadsheet-replacements/LICENSE-CODE.txt,,,,
,python_model,,,,,,edition.o018.id-id.draft,,,,,,,asset.o018.ch03.model,,,,,,,2026-08-23T00:00:00+02:00,,,resource.o018.open-solver-lab,codex-r017-o018-id-production,rights.o018.code,,,,,,interlanguage.asset,0.1.0,,,,,verified,,20711,272adfae143bade540a702078e7ad7a34bbea36cba551a298c8ed2c02fed916c,pass,o018-open-solver-lab/ch03-spreadsheet-replacements/model.py,,,,
,markdown_primary_content,,,,,,edition.o018.id-id.draft,,,,,,,asset.o018.ch03.readme,,,,,,,2026-08-23T00:00:00+02:00,,,resource.o018.open-solver-lab,codex-r017-o018-id-production,rights.o018.prose-data,,,,,,interlanguage.asset,0.1.0,,,,,verified,,5602,d1bfc1b01762cecd7cad0d6da824eab08e522e6b1b182170578210c1d56045df,pass,o018-open-solver-lab/ch03-spreadsheet-replacements/README.md,,,,
,computed_results_json,,,,,,edition.o018.id-id.draft,,,,,,,asset.o018.ch03.results,,,,,,,2026-08-23T00:00:00+02:00,,,resource.o018.open-solver-lab,codex-r017-o018-id-production,rights.o018.prose-data,,,,,,interlanguage.asset,0.1.0,,,,,verified,,7239,54a1cd703958ec880e653354b67b3bb0629014343159884c5a05d63725170ede,pass,o018-open-solver-lab/ch03-spreadsheet-replacements/results.json,,,,
,python_entrypoint,,,,,,edition.o018.id-id.draft,,,,,,,asset.o018.ch03.runner,,,,,,,2026-08-23T00:00:00+02:00,,,resource.o018.open-solver-lab,codex-r017-o018-id-production,rights.o018.code,,,,,,interlanguage.asset,0.1.0,,,,,verified,,1733,8fee1464a2e6d156faf0ba9cc31d9195ec18d2cb2dead864beaf66ed8cf2f690,pass,o018-open-solver-lab/ch03-spreadsheet-replacements/run_lab.py,,,,
,python_tests,,,,,,edition.o018.id-id.draft,,,,,,,asset.o018.ch03.tests,,,,,,,2026-08-23T00:00:00+02:00,,,resource.o018.open-solver-lab,codex-r017-o018-id-production,rights.o018.code,,,,,,interlanguage.asset,0.1.0,,,,,verified,,8981,3a7b636293a18571e23779fb43510d8b850f00eff9930aff5466c4437754a5ee,pass,o018-open-solver-lab/ch03-spreadsheet-replacements/test_models.py,,,,
,verification_log,,,,,,edition.o018.id-id.draft,,,,,,,asset.o018.ch03.verification-log,,,,,,,2026-08-23T00:00:00+02:00,,,resource.o018.open-solver-lab,codex-r017-o018-id-production,rights.o018.prose-data,,,,,,interlanguage.asset,0.1.0,,,,,verified,,1148,f5c80b6861957d8d507089e498dccc05a9c455bcaa38e3f2a7caec98cc42fc48,pass,o018-open-solver-lab/ch03-spreadsheet-replacements/verification.log,,,,
,verification_receipt_json,,,,,,edition.o018.id-id.draft,,,,,,,asset.o018.ch03.verification-receipt,,,,,,,2026-08-23T00:00:00+02:00,,,resource.o018.open-solver-lab,codex-r017-o018-id-production,rights.o018.prose-data,,,,,,interlanguage.asset,0.1.0,,,,,verified,,3678,7eb2117ea0493c82f2570fc9ff782ebd04fad2dbfeac5a9e41d6519feaad127b,pass,o018-open-solver-lab/ch03-spreadsheet-replacements/verification-receipt.json,,,,
,markdown_attribution,,,,,,edition.o018.id-id.draft,,,,,,,asset.o018.ch04.attribution,,,,,,,2026-08-23T00:00:00+02:00,,,resource.o018.open-solver-lab,codex-r017-o018-id-production,rights.o018.prose-data,,,,,,interlanguage.asset,0.1.0,,,,,verified,,3561,808933db5bdac1066f5efbdb2e0f5da8d1c70a1fbd73c544c2f7a27c9ff34852,pass,o018-open-solver-lab/ch04-compact-modeling-replacements/ATTRIBUTION.md,,,,
,model_data_json,,,,,,edition.o018.id-id.draft,,,,,,,asset.o018.ch04.data,,,,,,,2026-08-23T00:00:00+02:00,,,resource.o018.open-solver-lab,codex-r017-o018-id-production,rights.o018.prose-data,,,,,,interlanguage.asset,0.1.0,,,,,verified,,23875,27f8838f6ac9a3bf90d9f19a0dfa446c01087ff748cb64b64df482c39f32c541,pass,o018-open-solver-lab/ch04-compact-modeling-replacements/data.json,,,,
,expected_results_json,,,,,,edition.o018.id-id.draft,,,,,,,asset.o018.ch04.expected-results,,,,,,,2026-08-23T00:00:00+02:00,,,resource.o018.open-solver-lab,codex-r017-o018-id-production,rights.o018.prose-data,,,,,,interlanguage.asset,0.1.0,,,,,verified,,3111,a2f65c61b5fa88c4c7ac497ea80bd4ee508b75a32b62c9378943ceab4e5c8dde,pass,o018-open-solver-lab/ch04-compact-modeling-replacements/expected-results.json,,,,
,license_text,,,,,,edition.o018.id-id.draft,,,,,,,asset.o018.ch04.license-code,,,,,,,2026-08-23T00:00:00+02:00,,,resource.o018.open-solver-lab,codex-r017-o018-id-production,rights.o018.code,,,,,,interlanguage.asset,0.1.0,,,,,verified,,1091,3af65c07da546f32647333f84eb682f040ed45cabfa14ce5e1650f6a67f00ceb,pass,o018-open-solver-lab/ch04-compact-modeling-replacements/LICENSE-CODE.txt,,,,
,python_model,,,,,,edition.o018.id-id.draft,,,,,,,asset.o018.ch04.model,,,,,,,2026-08-23T00:00:00+02:00,,,resource.o018.open-solver-lab,codex-r017-o018-id-production,rights.o018.code,,,,,,interlanguage.asset,0.1.0,,,,,verified,,24825,8892395d82826c2f3d6065d042b7fafc92c7aff13f8c544649527d939cce4aab,pass,o018-open-solver-lab/ch04-compact-modeling-replacements/model.py,,,,
,markdown_primary_content,,,,,,edition.o018.id-id.draft,,,,,,,asset.o018.ch04.readme,,,,,,,2026-08-23T00:00:00+02:00,,,resource.o018.open-solver-lab,codex-r017-o018-id-production,rights.o018.prose-data,,,,,,interlanguage.asset,0.1.0,,,,,verified,,5967,3c9ec808ffb99edc83f87288fbd2ddb04935a789dc2ee17e03ee443163e2c369,pass,o018-open-solver-lab/ch04-compact-modeling-replacements/README.md,,,,
,computed_results_json,,,,,,edition.o018.id-id.draft,,,,,,,asset.o018.ch04.results,,,,,,,2026-08-23T00:00:00+02:00,,,resource.o018.open-solver-lab,codex-r017-o018-id-production,rights.o018.prose-data,,,,,,interlanguage.asset,0.1.0,,,,,verified,,5492,6e7eb96529ba2d7a3f66f89cda8ca34305b52c542cd5e2c0f0cc3564cf817954,pass,o018-open-solver-lab/ch04-compact-modeling-replacements/results.json,,,,
,python_entrypoint,,,,,,edition.o018.id-id.draft,,,,,,,asset.o018.ch04.runner,,,,,,,2026-08-23T00:00:00+02:00,,,resource.o018.open-solver-lab,codex-r017-o018-id-production,rights.o018.code,,,,,,interlanguage.asset,0.1.0,,,,,verified,,1733,df1b34247ddf6904f555ef210b1a7eac9ecf7515d65adb165865ee54e5bd291c,pass,o018-open-solver-lab/ch04-compact-modeling-replacements/run_lab.py,,,,
,python_tests,,,,,,edition.o018.id-id.draft,,,,,,,asset.o018.ch04.tests,,,,,,,2026-08-23T00:00:00+02:00,,,resource.o018.open-solver-lab,codex-r017-o018-id-production,rights.o018.code,,,,,,interlanguage.asset,0.1.0,,,,,verified,,14157,c86e7818053c5f1b35c7ce7b3414b98e3d61e0ffb19f854576b628e070c0e4ac,pass,o018-open-solver-lab/ch04-compact-modeling-replacements/test_models.py,,,,
,verification_log,,,,,,edition.o018.id-id.draft,,,,,,,asset.o018.ch04.verification-log,,,,,,,2026-08-23T00:00:00+02:00,,,resource.o018.open-solver-lab,codex-r017-o018-id-production,rights.o018.prose-data,,,,,,interlanguage.asset,0.1.0,,,,,verified,,1537,a958ae6bc854fe0976854b1593e10d655966c9d02c23da5fcbfa8e765b39e708,pass,o018-open-solver-lab/ch04-compact-modeling-replacements/verification.log,,,,
,verification_receipt_json,,,,,,edition.o018.id-id.draft,,,,,,,asset.o018.ch04.verification-receipt,,,,,,,2026-08-23T00:00:00+02:00,,,resource.o018.open-solver-lab,codex-r017-o018-id-production,rights.o018.prose-data,,,,,,interlanguage.asset,0.1.0,,,,,verified,,4315,e740ef581d6201d415ede348b0188c6f357eb28b45236d6031045896af520f02,pass,o018-open-solver-lab/ch04-compact-modeling-replacements/verification-receipt.json,,,,
,attribution,,,,,,edition.o018.id-id.draft,,,,,,,asset.o018.ch05.attribution,,,,,,,2026-08-23T00:00:00+02:00,,,resource.o018.open-solver-lab,codex-r017-o018-id-production,rights.o018.prose-data,,,,,,interlanguage.asset,0.1.0,,,,,verified,,3329,2db7ad010e32f75d4b3da7c34f56b952fad089e16ffc01302a43714fd0f628fd,pass,o018-open-solver-lab/ch05-graphical-lp/ATTRIBUTION.md,,,,
,structured_model_data,,,,,,edition.o018.id-id.draft,,,,,,,asset.o018.ch05.data,,,,,,,2026-08-23T00:00:00+02:00,,,resource.o018.open-solver-lab,codex-r017-o018-id-production,rights.o018.prose-data,,,,,,interlanguage.asset,0.1.0,,,,,verified,,40532,debeaeecf9d0f4eab2a30ee0a4a4e02bdbfdedb7919a7f73d538b25b80233e2f,pass,o018-open-solver-lab/ch05-graphical-lp/data.json,,,,
,expected_result_contract,,,,,,edition.o018.id-id.draft,,,,,,,asset.o018.ch05.expected-results,,,,,,,2026-08-23T00:00:00+02:00,,,resource.o018.open-solver-lab,codex-r017-o018-id-production,rights.o018.prose-data,,,,,,interlanguage.asset,0.1.0,,,,,verified,,4925,3b1557e996af699c471ce7f25a96023bc5191a681746d62a6e4520a55a3ec3af,pass,o018-open-solver-lab/ch05-graphical-lp/expected-results.json,,,,
,license_text,,,,,,edition.o018.id-id.draft,,,,,,,asset.o018.ch05.license-code,,,,,,,2026-08-23T00:00:00+02:00,,,resource.o018.open-solver-lab,codex-r017-o018-id-production,rights.o018.code,,,,,,interlanguage.asset,0.1.0,,,,,verified,,1091,3af65c07da546f32647333f84eb682f040ed45cabfa14ce5e1650f6a67f00ceb,pass,o018-open-solver-lab/ch05-graphical-lp/LICENSE-CODE.txt,,,,
,executable_model_source,,,,,,edition.o018.id-id.draft,,,,,,,asset.o018.ch05.model,,,,,,,2026-08-23T00:00:00+02:00,,,resource.o018.open-solver-lab,codex-r017-o018-id-production,rights.o018.code,,,,,,interlanguage.asset,0.1.0,,,,,verified,,19699,7d7520e981cbd6800659d123041b71e986dbc97d9d1e3217845fbb3f9b7ab96c,pass,o018-open-solver-lab/ch05-graphical-lp/model.py,,,,
,deterministic_svg_renderer,,,,,,edition.o018.id-id.draft,,,,,,,asset.o018.ch05.plot-renderer,,,,,,,2026-08-23T00:00:00+02:00,,,resource.o018.open-solver-lab,codex-r017-o018-id-production,rights.o018.code,,,,,,interlanguage.asset,0.1.0,,,,,verified,,15449,4573b4e0e2a8b4583fbb9178b3259c555fe82620567361cf47dca70d008de3d1,pass,o018-open-solver-lab/ch05-graphical-lp/plot_svg.py,,,,
,accessible_svg_plot,,,,,,,,,,,,,asset.o018.ch05.plot.ex05-01-region,,,,,,,2026-08-23T00:00:00+02:00,,,,codex-r017-o018-id-production,rights.o018.prose-data,,,,,,interlanguage.asset,0.1.0,,,,,verified,,3689,97c43c38d68d5b477f468961be1a3aa66d3ec166154e781a5828125cdcbb057e,pass,o018-open-solver-lab/ch05-graphical-lp/plots/ex05_01_region.svg,,,,
,accessible_svg_plot,,,,,,,,,,,,,asset.o018.ch05.plot.ex05-02-region,,,,,,,2026-08-23T00:00:00+02:00,,,,codex-r017-o018-id-production,rights.o018.prose-data,,,,,,interlanguage.asset,0.1.0,,,,,verified,,3709,10bc71db3fd737be48274bf24629f26610c471d401dfc84b702a6f1d8c42f785,pass,o018-open-solver-lab/ch05-graphical-lp/plots/ex05_02_region.svg,,,,
,accessible_svg_plot,,,,,,,,,,,,,asset.o018.ch05.plot.ex05-03-original,,,,,,,2026-08-23T00:00:00+02:00,,,,codex-r017-o018-id-production,rights.o018.prose-data,,,,,,interlanguage.asset,0.1.0,,,,,verified,,3804,5e70613ff5550fbbd49f4b2e419e0338f29bd116d87a113953169ad62e6ce85e,pass,o018-open-solver-lab/ch05-graphical-lp/plots/ex05_03_original.svg,,,,
,accessible_svg_plot,,,,,,,,,,,,,asset.o018.ch05.plot.ex05-04-original,,,,,,,2026-08-23T00:00:00+02:00,,,,codex-r017-o018-id-production,rights.o018.prose-data,,,,,,interlanguage.asset,0.1.0,,,,,verified,,3702,fd24872eac462f4d453ae58628a9cbcfb06372b7073cba11cbdd84dc8012cb9f,pass,o018-open-solver-lab/ch05-graphical-lp/plots/ex05_04_original.svg,,,,
,accessible_svg_plot,,,,,,,,,,,,,asset.o018.ch05.plot.ex05-05-original,,,,,,,2026-08-23T00:00:00+02:00,,,,codex-r017-o018-id-production,rights.o018.prose-data,,,,,,interlanguage.asset,0.1.0,,,,,verified,,4020,089a82e264fb1a01c92853e06fb6ffb8ba0e5ec68e6a1ba28e97d5bc040e2b50,pass,o018-open-solver-lab/ch05-graphical-lp/plots/ex05_05_original.svg,,,,
,accessible_svg_plot,,,,,,,,,,,,,asset.o018.ch05.plot.ex05-06-original,,,,,,,2026-08-23T00:00:00+02:00,,,,codex-r017-o018-id-production,rights.o018.prose-data,,,,,,interlanguage.asset,0.1.0,,,,,verified,,3565,2df38efb0d89cca29634d0c5fb35d90721b98cca7ba00e8a93d310237434c35c,pass,o018-open-solver-lab/ch05-graphical-lp/plots/ex05_06_original.svg,,,,
,accessible_svg_plot,,,,,,,,,,,,,asset.o018.ch05.plot.ex05-07-original,,,,,,,2026-08-23T00:00:00+02:00,,,,codex-r017-o018-id-production,rights.o018.prose-data,,,,,,interlanguage.asset,0.1.0,,,,,verified,,4026,4569a2f6816f744511e0987b348309a98e1c4595514b6f0d50c1ca6113804a4c,pass,o018-open-solver-lab/ch05-graphical-lp/plots/ex05_07_original.svg,,,,
,accessible_svg_plot,,,,,,,,,,,,,asset.o018.ch05.plot.ex05-08-original,,,,,,,2026-08-23T00:00:00+02:00,,,,codex-r017-o018-id-production,rights.o018.prose-data,,,,,,interlanguage.asset,0.1.0,,,,,verified,,3917,5224cfa1ab56752c6184275846c66e22db3988fe11eb231efaf593edcaa5baa4,pass,o018-open-solver-lab/ch05-graphical-lp/plots/ex05_08_original.svg,,,,
,accessible_svg_plot,,,,,,,,,,,,,asset.o018.ch05.plot.ex05-09-as-written,,,,,,,2026-08-23T00:00:00+02:00,,,,codex-r017-o018-id-production,rights.o018.prose-data,,,,,,interlanguage.asset,0.1.0,,,,,verified,,3880,df27872e6995108057f3a0634ba6ca606282220e0d6f9667e6e3e78bb3694454,pass,o018-open-solver-lab/ch05-graphical-lp/plots/ex05_09_as_written.svg,,,,
,accessible_svg_plot,,,,,,,,,,,,,asset.o018.ch05.plot.ex05-12-manual,,,,,,,2026-08-23T00:00:00+02:00,,,,codex-r017-o018-id-production,rights.o018.prose-data,,,,,,interlanguage.asset,0.1.0,,,,,verified,,3961,29310a982d69a33b26300a99f3d5013f6066bab60b8892fba7b77b95033b3cd1,pass,o018-open-solver-lab/ch05-graphical-lp/plots/ex05_12_manual_construction.svg,,,,
,accessible_svg_plot,,,,,,,,,,,,,asset.o018.ch05.plot.ex05-13-lemon,,,,,,,2026-08-23T00:00:00+02:00,,,,codex-r017-o018-id-production,rights.o018.prose-data,,,,,,interlanguage.asset,0.1.0,,,,,verified,,3748,53f1c0a755043f26e0e1294eb10766eb5ab52b82508ddff49a5dba55a82594a1,pass,o018-open-solver-lab/ch05-graphical-lp/plots/ex05_13_lemon_edge.svg,,,,
,accessible_svg_plot,,,,,,,,,,,,,asset.o018.ch05.plot.ex05-13-water,,,,,,,2026-08-23T00:00:00+02:00,,,,codex-r017-o018-id-production,rights.o018.prose-data,,,,,,interlanguage.asset,0.1.0,,,,,verified,,3718,e46e7614209a9286d429502d7a64ad368d93fc78e65614fb451f03109a11f7f0,pass,o018-open-solver-lab/ch05-graphical-lp/plots/ex05_13_water_edge.svg,,,,
,accessible_svg_plot,,,,,,,,,,,,,asset.o018.ch05.plot.ex05-14-manual,,,,,,,2026-08-23T00:00:00+02:00,,,,codex-r017-o018-id-production,rights.o018.prose-data,,,,,,interlanguage.asset,0.1.0,,,,,verified,,3976,93dd40df51b933777f07c0513e1d36e827dc6678bd73742e834a98d72fbe6673,pass,o018-open-solver-lab/ch05-graphical-lp/plots/ex05_14_manual_construction.svg,,,,
,accessible_svg_plot,,,,,,,,,,,,,asset.o018.ch05.plot.ex05-15-original,,,,,,,2026-08-23T00:00:00+02:00,,,,codex-r017-o018-id-production,rights.o018.prose-data,,,,,,interlanguage.asset,0.1.0,,,,,verified,,3917,a6aded8ef9405513994b760268f10606893a71b33d0f339d6d573d1cad0a596a,pass,o018-open-solver-lab/ch05-graphical-lp/plots/ex05_15_original.svg,,,,
,accessible_svg_plot,,,,,,,,,,,,,asset.o018.ch05.plot.ex05-16-maximum,,,,,,,2026-08-23T00:00:00+02:00,,,,codex-r017-o018-id-production,rights.o018.prose-data,,,,,,interlanguage.asset,0.1.0,,,,,verified,,4216,ef9f87503462d7d57ffe006446c47b39be99723efe626af2bf6571f821abb0f4,pass,o018-open-solver-lab/ch05-graphical-lp/plots/ex05_16_maximum.svg,,,,
,accessible_svg_plot,,,,,,,,,,,,,asset.o018.ch05.plot.ex05-16-minimum,,,,,,,2026-08-23T00:00:00+02:00,,,,codex-r017-o018-id-production,rights.o018.prose-data,,,,,,interlanguage.asset,0.1.0,,,,,verified,,4272,dad461ca3534e2f4356d2e7ba3ac9cde36d0b70f24a70df6e40ebe862066108f,pass,o018-open-solver-lab/ch05-graphical-lp/plots/ex05_16_minimum.svg,,,,
,accessible_svg_plot,,,,,,,,,,,,,asset.o018.ch05.plot.ex05-17-edge,,,,,,,2026-08-23T00:00:00+02:00,,,,codex-r017-o018-id-production,rights.o018.prose-data,,,,,,interlanguage.asset,0.1.0,,,,,verified,,3864,b6f564d06cf07710203ddb06128e160fc86e0d7d77082aff0182ac16449052ab,pass,o018-open-solver-lab/ch05-graphical-lp/plots/ex05_17_edge_tie.svg,,,,
,accessible_svg_plot,,,,,,,,,,,,,asset.o018.ch05.plot.ex05-17-unique,,,,,,,2026-08-23T00:00:00+02:00,,,,codex-r017-o018-id-production,rights.o018.prose-data,,,,,,interlanguage.asset,0.1.0,,,,,verified,,3964,8a4ac4b30e6b4d381d37b7e9144b63d19560b2e359fe00139fda1fed5a5dffec,pass,o018-open-solver-lab/ch05-graphical-lp/plots/ex05_17_unique_after_change.svg,,,,
,laboratory_guide,,,,,,edition.o018.id-id.draft,,,,,,,asset.o018.ch05.readme,,,,,,,2026-08-23T00:00:00+02:00,,,resource.o018.open-solver-lab,codex-r017-o018-id-production,rights.o018.prose-data,,,,,,interlanguage.asset,0.1.0,,,,,verified,,3501,cf36db828493aeb130ab275cb677414e8d9e91c21b217e9e0a0bc75482f861c1,pass,o018-open-solver-lab/ch05-graphical-lp/README.md,,,,
,deterministic_result_json,,,,,,edition.o018.id-id.draft,,,,,,,asset.o018.ch05.results,,,,,,,2026-08-23T00:00:00+02:00,,,resource.o018.open-solver-lab,codex-r017-o018-id-production,rights.o018.prose-data,,,,,,interlanguage.asset,0.1.0,,,,,verified,,30221,6d019b95409f1c1d78200a49ee9cf42754e5e698ad15d1eddac699ec23806e40,pass,o018-open-solver-lab/ch05-graphical-lp/results.json,,,,
,deterministic_runner,,,,,,edition.o018.id-id.draft,,,,,,,asset.o018.ch05.runner,,,,,,,2026-08-23T00:00:00+02:00,,,resource.o018.open-solver-lab,codex-r017-o018-id-production,rights.o018.code,,,,,,interlanguage.asset,0.1.0,,,,,verified,,4485,8e2642945fd57de8de56fa2b5db594518f0acb834f1091a196953b52fc2c89b1,pass,o018-open-solver-lab/ch05-graphical-lp/run_lab.py,,,,
,automated_tests,,,,,,edition.o018.id-id.draft,,,,,,,asset.o018.ch05.tests,,,,,,,2026-08-23T00:00:00+02:00,,,resource.o018.open-solver-lab,codex-r017-o018-id-production,rights.o018.code,,,,,,interlanguage.asset,0.1.0,,,,,verified,,16237,9aa934ce3e305a55b798e6ea96c7b26a2d0aecbcb3289ba0b885808d7e233fce,pass,o018-open-solver-lab/ch05-graphical-lp/test_models.py,,,,
,verification_log,,,,,,edition.o018.id-id.draft,,,,,,,asset.o018.ch05.verification-log,,,,,,,2026-08-23T00:00:00+02:00,,,resource.o018.open-solver-lab,codex-r017-o018-id-production,rights.o018.prose-data,,,,,,interlanguage.asset,0.1.0,,,,,verified,,1338,008ebeb116a7478a4db91ddd9a4cbfe5b4ab6ccff7b11f95705bc4dc3011a8b7,pass,o018-open-solver-lab/ch05-graphical-lp/verification.log,,,,
,verification_receipt_json,,,,,,edition.o018.id-id.draft,,,,,,,asset.o018.ch05.verification-receipt,,,,,,,2026-08-23T00:00:00+02:00,,,resource.o018.open-solver-lab,codex-r017-o018-id-production,rights.o018.prose-data,,,,,,interlanguage.asset,0.1.0,,,,,verified,,10641,04c1d8f9a45eff1c9f046a3cc2ae044964a3beae4f82df49766b5cb86d4d9410,pass,o018-open-solver-lab/ch05-graphical-lp/verification-receipt.json,,,,
,verification_program,,,,,,edition.o018.id-id.draft,,,,,,,asset.o018.ch05.verifier,,,,,,,2026-08-23T00:00:00+02:00,,,resource.o018.open-solver-lab,codex-r017-o018-id-production,rights.o018.code,,,,,,interlanguage.asset,0.1.0,,,,,verified,,8375,fa8389919cdf8d9595fddef877194c8d052bcafa27687d23ee639234317d4f59,pass,o018-open-solver-lab/ch05-graphical-lp/verify_receipt.py,,,,
,attribution,,,,,,,,,,,,,asset.o018.ch06.attribution,,,,,,,2026-08-23T00:00:00+02:00,,,,codex-r017-o018-id-production,rights.o018.prose-data,,,,,,interlanguage.asset,0.1.0,,,,,verified,,3071,cc0104b88ed7d8b5cc2ec1558a7f46b4f61f7e8163ec995c7a58e9a5e148007a,pass,o018-open-solver-lab/ch06-formal-mathematics/ATTRIBUTION.md,,,,
,structured_model_data,,,,,,,,,,,,,asset.o018.ch06.data,,,,,,,2026-08-23T00:00:00+02:00,,,,codex-r017-o018-id-production,rights.o018.prose-data,,,,,,interlanguage.asset,0.1.0,,,,,verified,,8450,babdbd49360e483ad72273719f44aa78d20cc04fcc47884fc5ae1836559f3680,pass,o018-open-solver-lab/ch06-formal-mathematics/data.json,,,,
,expected_result_contract,,,,,,,,,,,,,asset.o018.ch06.expected-results,,,,,,,2026-08-23T00:00:00+02:00,,,,codex-r017-o018-id-production,rights.o018.prose-data,,,,,,interlanguage.asset,0.1.0,,,,,verified,,4708,802f8ac9efcfb183735d1e9c5c40705051d3f2450ee0cb49da0bd6e140944170,pass,o018-open-solver-lab/ch06-formal-mathematics/expected-results.json,,,,
,license_text,,,,,,,,,,,,,asset.o018.ch06.license-code,,,,,,,2026-08-23T00:00:00+02:00,,,,codex-r017-o018-id-production,rights.o018.code,,,,,,interlanguage.asset,0.1.0,,,,,verified,,1091,3af65c07da546f32647333f84eb682f040ed45cabfa14ce5e1650f6a67f00ceb,pass,o018-open-solver-lab/ch06-formal-mathematics/LICENSE-CODE.txt,,,,
,executable_model_source,,,,,,,,,,,,,asset.o018.ch06.model,,,,,,,2026-08-23T00:00:00+02:00,,,,codex-r017-o018-id-production,rights.o018.code,,,,,,interlanguage.asset,0.1.0,,,,,verified,,31526,efe3c53c998d863635065041de2301b68e735f64f2bedacc085b1f4977b46b53,pass,o018-open-solver-lab/ch06-formal-mathematics/model.py,,,,
,deterministic_svg_renderer,,,,,,,,,,,,,asset.o018.ch06.plot-renderer,,,,,,,2026-08-23T00:00:00+02:00,,,,codex-r017-o018-id-production,rights.o018.code,,,,,,interlanguage.asset,0.1.0,,,,,verified,,15466,a4772a9b081104b909b89880f6f354b6b2b48892b7e37e8bec87529f008d65b0,pass,o018-open-solver-lab/ch06-formal-mathematics/plot_svg.py,,,,
,accessible_svg_plot,,,,,,,,,,,,,asset.o018.ch06.plot.ex06-06,,,,,,,2026-08-23T00:00:00+02:00,,,,codex-r017-o018-id-production,rights.o018.prose-data,,,,,,interlanguage.asset,0.1.0,,,,,verified,,4148,b2071410e2e935f7faa05618692db0854ba77c7a4dbf133724a4b4846b5a1b54,pass,o018-open-solver-lab/ch06-formal-mathematics/plots/ex06-06.svg,,,,
,accessible_svg_plot,,,,,,,,,,,,,asset.o018.ch06.plot.ex06-07,,,,,,,2026-08-23T00:00:00+02:00,,,,codex-r017-o018-id-production,rights.o018.prose-data,,,,,,interlanguage.asset,0.1.0,,,,,verified,,4612,1402a5d33dd742caad94dcb971637d496973ee622f0d99e0afafdf1313868c9a,pass,o018-open-solver-lab/ch06-formal-mathematics/plots/ex06-07.svg,,,,
,accessible_svg_plot,,,,,,,,,,,,,asset.o018.ch06.plot.ex06-08,,,,,,,2026-08-23T00:00:00+02:00,,,,codex-r017-o018-id-production,rights.o018.prose-data,,,,,,interlanguage.asset,0.1.0,,,,,verified,,4427,c6f110aa285a49e89083d97cefef1d74943a68ec8b83e274eeeab0efc865bed9,pass,o018-open-solver-lab/ch06-formal-mathematics/plots/ex06-08.svg,,,,
,accessible_svg_plot,,,,,,,,,,,,,asset.o018.ch06.plot.ex06-10,,,,,,,2026-08-23T00:00:00+02:00,,,,codex-r017-o018-id-production,rights.o018.prose-data,,,,,,interlanguage.asset,0.1.0,,,,,verified,,4160,ddc16774a5fcd6bbb74af7887bd9a3c3bf507fdff9cce9aef0aacf0e7903e07d,pass,o018-open-solver-lab/ch06-formal-mathematics/plots/ex06-10.svg,,,,
,accessible_svg_plot,,,,,,,,,,,,,asset.o018.ch06.plot.ex06-11,,,,,,,2026-08-23T00:00:00+02:00,,,,codex-r017-o018-id-production,rights.o018.prose-data,,,,,,interlanguage.asset,0.1.0,,,,,verified,,4077,9a1dfd914357581ff776de3eb1cf42e7d9421e98a6c39f819ce653837d2ae6e8,pass,o018-open-solver-lab/ch06-formal-mathematics/plots/ex06-11.svg,,,,
,laboratory_guide,,,,,,,,,,,,,asset.o018.ch06.readme,,,,,,,2026-08-23T00:00:00+02:00,,,,codex-r017-o018-id-production,rights.o018.prose-data,,,,,,interlanguage.asset,0.1.0,,,,,verified,,2851,cb13ff5fa40da1ebf7dfbc943719d514cd33965725b8022b201f99e8130dd192,pass,o018-open-solver-lab/ch06-formal-mathematics/README.md,,,,
,deterministic_result_json,,,,,,,,,,,,,asset.o018.ch06.results,,,,,,,2026-08-23T00:00:00+02:00,,,,codex-r017-o018-id-production,rights.o018.prose-data,,,,,,interlanguage.asset,0.1.0,,,,,verified,,15146,c2559401de6e5206c7590b02abfc433d80391103c1cadf36dfbd9b345f121f71,pass,o018-open-solver-lab/ch06-formal-mathematics/results.json,,,,
,deterministic_runner,,,,,,,,,,,,,asset.o018.ch06.runner,,,,,,,2026-08-23T00:00:00+02:00,,,,codex-r017-o018-id-production,rights.o018.code,,,,,,interlanguage.asset,0.1.0,,,,,verified,,4185,4492c3638c31492baa3d74a29b07dbd724f6f9f426ab1361cf20ea3e8d63c03b,pass,o018-open-solver-lab/ch06-formal-mathematics/run_lab.py,,,,
,automated_tests,,,,,,,,,,,,,asset.o018.ch06.tests,,,,,,,2026-08-23T00:00:00+02:00,,,,codex-r017-o018-id-production,rights.o018.code,,,,,,interlanguage.asset,0.1.0,,,,,verified,,15695,7b79e035f23d8b2d1bb287298eaf0b8276d6d399f94b2cec734c8e1f7fd3ee11,pass,o018-open-solver-lab/ch06-formal-mathematics/test_models.py,,,,
,verification_log,,,,,,,,,,,,,asset.o018.ch06.verification-log,,,,,,,2026-08-23T00:00:00+02:00,,,,codex-r017-o018-id-production,rights.o018.prose-data,,,,,,interlanguage.asset,0.1.0,,,,,verified,,1905,b9ec9c8cde93bcbacb9bbe94865bb58dce92ff08cb0468113184a551dea1ed0d,pass,o018-open-solver-lab/ch06-formal-mathematics/verification.log,,,,
,verification_receipt_json,,,,,,,,,,,,,asset.o018.ch06.verification-receipt,,,,,,,2026-08-23T00:00:00+02:00,,,,codex-r017-o018-id-production,rights.o018.prose-data,,,,,,interlanguage.asset,0.1.0,,,,,verified,,6581,e2415cf161c62d2dffe3c74e2c82738f8a01aa2a465a3617d96e55de8ccaccc0,pass,o018-open-solver-lab/ch06-formal-mathematics/verification-receipt.json,,,,
,verification_program,,,,,,,,,,,,,asset.o018.ch06.verifier,,,,,,,2026-08-23T00:00:00+02:00,,,,codex-r017-o018-id-production,rights.o018.code,,,,,,interlanguage.asset,0.1.0,,,,,verified,,8308,a63a79c1cfae105db7ad6fb3086e98c08d492fccad9bf090ad1d233248b433f4,pass,o018-open-solver-lab/ch06-formal-mathematics/verify_receipt.py,,,,
,markdown_content,,,,,,,,,,,,,asset.o018.ch10.attribution-md,,,,,,,2026-08-23T00:00:00+02:00,included,,,codex-r017-o018-id-production,rights.o018.prose-data,,,,,,interlanguage.asset,0.1.0,,,,,verified,,3449,447b87707d14735e9357af48b4965127cc0e41ca93bd8303614183dfb6f2fb61,pass,o018-open-solver-lab/ch10-sensitivity-analysis/ATTRIBUTION.md,,,,
,structured_model_data,,,,,,,,,,,,,asset.o018.ch10.data-json,,,,,,,2026-08-23T00:00:00+02:00,included,,,codex-r017-o018-id-production,rights.o018.prose-data,,,,,,interlanguage.asset,0.1.0,,,,,verified,,7391,0e1a0fb176289bdb2122ce4a526ad139632137c1ff219a76b5b89f3268e7738a,pass,o018-open-solver-lab/ch10-sensitivity-analysis/data.json,,,,
,expected_result_contract,,,,,,,,,,,,,asset.o018.ch10.expected-results-json,,,,,,,2026-08-23T00:00:00+02:00,included,,,codex-r017-o018-id-production,rights.o018.prose-data,,,,,,interlanguage.asset,0.1.0,,,,,verified,,2822,1e9f8c5d9ff6e1d2d71dd212cf14298db7913e03433b7f846606a53d5d5adcfc,pass,o018-open-solver-lab/ch10-sensitivity-analysis/expected-results.json,,,,
,license_text,,,,,,,,,,,,,asset.o018.ch10.license-code-txt,,,,,,,2026-08-23T00:00:00+02:00,included,,,codex-r017-o018-id-production,rights.o018.code,,,,,,interlanguage.asset,0.1.0,,,,,verified,,1325,0d0676d29717b661ea219a8100b02dabd4cdf631ae0dceedb2640e754822fbca,pass,o018-open-solver-lab/ch10-sensitivity-analysis/LICENSE-CODE.txt,,,,
,python_source,,,,,,,,,,,,,asset.o018.ch10.model-py,,,,,,,2026-08-23T00:00:00+02:00,included,,,codex-r017-o018-id-production,rights.o018.code,,,,,,interlanguage.asset,0.1.0,,,,,verified,,28030,e8e8f24fcc2ba3025ef2d4754e27666111b5ba62b67ff53b87baf4fc5d35c0f0,pass,o018-open-solver-lab/ch10-sensitivity-analysis/model.py,,,,
,python_source,,,,,,,,,,,,,asset.o018.ch10.plot-svg-py,,,,,,,2026-08-23T00:00:00+02:00,included,,,codex-r017-o018-id-production,rights.o018.code,,,,,,interlanguage.asset,0.1.0,,,,,verified,,11046,15fb2dae92e25ae71340ff1fce023578e631a2e3f68f357d19ff76f91256e908,pass,o018-open-solver-lab/ch10-sensitivity-analysis/plot_svg.py,,,,
,accessible_svg_plot,,,,,,,,,,,,,asset.o018.ch10.plots-ex10-03-svg,,,,,,,2026-08-23T00:00:00+02:00,included,,,codex-r017-o018-id-production,rights.o018.prose-data,,,,,,interlanguage.asset,0.1.0,,,,,verified,,5271,cd5b47e0453834f02c516f2090958623064118cdea3a236732ea8728638d0760,pass,o018-open-solver-lab/ch10-sensitivity-analysis/plots/ex10-03.svg,,,,
,accessible_svg_plot,,,,,,,,,,,,,asset.o018.ch10.plots-ex10-11-svg,,,,,,,2026-08-23T00:00:00+02:00,included,,,codex-r017-o018-id-production,rights.o018.prose-data,,,,,,interlanguage.asset,0.1.0,,,,,verified,,3765,03830b99e1f9512e5b0df5ded4708135d0cfba300f3aeb6b6b48a6a7f0929676,pass,o018-open-solver-lab/ch10-sensitivity-analysis/plots/ex10-11.svg,,,,
,accessible_svg_plot,,,,,,,,,,,,,asset.o018.ch10.plots-ex10-12-svg,,,,,,,2026-08-23T00:00:00+02:00,included,,,codex-r017-o018-id-production,rights.o018.prose-data,,,,,,interlanguage.asset,0.1.0,,,,,verified,,5277,0461922193e1ddef4852650aaa83b888c4a4f8c7baacee0cdb6c3dcc6a37aaeb,pass,o018-open-solver-lab/ch10-sensitivity-analysis/plots/ex10-12.svg,,,,
,markdown_content,,,,,,,,,,,,,asset.o018.ch10.readme-md,,,,,,,2026-08-23T00:00:00+02:00,included,,,codex-r017-o018-id-production,rights.o018.prose-data,,,,,,interlanguage.asset,0.1.0,,,,,verified,,2336,7042e21f85f985a100d866a80db856623e0f8eed00267dd44efc83ae20cddaa7,pass,o018-open-solver-lab/ch10-sensitivity-analysis/README.md,,,,
,deterministic_result_json,,,,,,,,,,,,,asset.o018.ch10.results-json,,,,,,,2026-08-23T00:00:00+02:00,included,,,codex-r017-o018-id-production,rights.o018.prose-data,,,,,,interlanguage.asset,0.1.0,,,,,verified,,26015,e80afc3bd38f6373be73a1a5a1da1bc386af99eace13248bec26d6e8bb857db4,pass,o018-open-solver-lab/ch10-sensitivity-analysis/results.json,,,,
,python_source,,,,,,,,,,,,,asset.o018.ch10.run-lab-py,,,,,,,2026-08-23T00:00:00+02:00,included,,,codex-r017-o018-id-production,rights.o018.code,,,,,,interlanguage.asset,0.1.0,,,,,verified,,3953,2e4ea19aa846fc243290b3aaee27a321ca1a29361358496b61e56db89f5d3a4b,pass,o018-open-solver-lab/ch10-sensitivity-analysis/run_lab.py,,,,
,python_source,,,,,,,,,,,,,asset.o018.ch10.test-models-py,,,,,,,2026-08-23T00:00:00+02:00,included,,,codex-r017-o018-id-production,rights.o018.code,,,,,,interlanguage.asset,0.1.0,,,,,verified,,12579,80559ff36ae5685e095dc7271cd667e61087882b8b18f8eda65a21b7b359eb16,pass,o018-open-solver-lab/ch10-sensitivity-analysis/test_models.py,,,,
,lab_component,,,,,,,,,,,,,asset.o018.ch10.verification-log,,,,,,,2026-08-23T00:00:00+02:00,included,,,codex-r017-o018-id-production,rights.o018.prose-data,,,,,,interlanguage.asset,0.1.0,,,,,verified,,1254,a8d46a9f05791c95ae83749f98f466aab95153940c2c8d4e2ecc9ddc7b33b874,pass,o018-open-solver-lab/ch10-sensitivity-analysis/verification.log,,,,
,verification_receipt_json,,,,,,,,,,,,,asset.o018.ch10.verification-receipt-json,,,,,,,2026-08-23T00:00:00+02:00,included,,,codex-r017-o018-id-production,rights.o018.prose-data,,,,,,interlanguage.asset,0.1.0,,,,,verified,,6394,23301c3130087f90ad2bee96c150cf83f4381ef6b9bc66f6046569e369c799bd,pass,o018-open-solver-lab/ch10-sensitivity-analysis/verification-receipt.json,,,,
,python_source,,,,,,,,,,,,,asset.o018.ch10.verify-receipt-py,,,,,,,2026-08-23T00:00:00+02:00,included,,,codex-r017-o018-id-production,rights.o018.code,,,,,,interlanguage.asset,0.1.0,,,,,verified,,8623,385fa7a75b6e752f474b7d80b1a63bd0c2e524ec80a736a81f51afd8ed08e4ca,pass,o018-open-solver-lab/ch10-sensitivity-analysis/verify_receipt.py,,,,
,markdown_content,,,,,,,,,,,,,asset.o018.ch11.attribution-md,,,,,,,2026-08-23T00:00:00+02:00,included,,,codex-r017-o018-id-production,rights.o018.prose-data,,,,,,interlanguage.asset,0.1.0,,,,,verified,,4272,063ee3ddf108f7f2dda27382ca6e4f7f5f069287c7ed9929b3dc36e525495eee,pass,o018-open-solver-lab/ch11-duality/ATTRIBUTION.md,,,,
,structured_model_data,,,,,,,,,,,,,asset.o018.ch11.data-json,,,,,,,2026-08-23T00:00:00+02:00,included,,,codex-r017-o018-id-production,rights.o018.prose-data,,,,,,interlanguage.asset,0.1.0,,,,,verified,,19887,88a610d747d93e1dc4f1afe85bec2dfbdfdbeb450158bea17e407b5827d887bf,pass,o018-open-solver-lab/ch11-duality/data.json,,,,
,expected_result_contract,,,,,,,,,,,,,asset.o018.ch11.expected-results-json,,,,,,,2026-08-23T00:00:00+02:00,included,,,codex-r017-o018-id-production,rights.o018.prose-data,,,,,,interlanguage.asset,0.1.0,,,,,verified,,3628,017e42cfdf5e83c2eb53560ba0786dad7ab0dc2592334c80f4588c5ba3f1ad29,pass,o018-open-solver-lab/ch11-duality/expected-results.json,,,,
,license_text,,,,,,,,,,,,,asset.o018.ch11.license-code-txt,,,,,,,2026-08-23T00:00:00+02:00,included,,,codex-r017-o018-id-production,rights.o018.code,,,,,,interlanguage.asset,0.1.0,,,,,verified,,1325,0d0676d29717b661ea219a8100b02dabd4cdf631ae0dceedb2640e754822fbca,pass,o018-open-solver-lab/ch11-duality/LICENSE-CODE.txt,,,,
,python_source,,,,,,,,,,,,,asset.o018.ch11.model-py,,,,,,,2026-08-23T00:00:00+02:00,included,,,codex-r017-o018-id-production,rights.o018.code,,,,,,interlanguage.asset,0.1.0,,,,,verified,,31682,140bbf2e377e4a9c21a40eb126b523380756245afc849da1a9b78aaf5dcb7357,pass,o018-open-solver-lab/ch11-duality/model.py,,,,
,python_source,,,,,,,,,,,,,asset.o018.ch11.plot-svg-py,,,,,,,2026-08-23T00:00:00+02:00,included,,,codex-r017-o018-id-production,rights.o018.code,,,,,,interlanguage.asset,0.1.0,,,,,verified,,6125,c304ae6c201099b041c06a95676af71d194dc96fb3e888d032dc074c875b3a90,pass,o018-open-solver-lab/ch11-duality/plot_svg.py,,,,
,accessible_svg_plot,,,,,,,,,,,,,asset.o018.ch11.plots-ex11-16-svg,,,,,,,2026-08-23T00:00:00+02:00,included,,,codex-r017-o018-id-production,rights.o018.prose-data,,,,,,interlanguage.asset,0.1.0,,,,,verified,,4596,8c0fe5d58dc1241fbcd7e571866fbd20d8474d7339f107b86a24087ecf5fd446,pass,o018-open-solver-lab/ch11-duality/plots/ex11-16.svg,,,,
,markdown_content,,,,,,,,,,,,,asset.o018.ch11.readme-md,,,,,,,2026-08-23T00:00:00+02:00,included,,,codex-r017-o018-id-production,rights.o018.prose-data,,,,,,interlanguage.asset,0.1.0,,,,,verified,,2235,d6f7ed76a3d7e40db33174711258dfbeb3a24456fd44a0970d4e13c68a61bca3,pass,o018-open-solver-lab/ch11-duality/README.md,,,,
,deterministic_result_json,,,,,,,,,,,,,asset.o018.ch11.results-json,,,,,,,2026-08-23T00:00:00+02:00,included,,,codex-r017-o018-id-production,rights.o018.prose-data,,,,,,interlanguage.asset,0.1.0,,,,,verified,,38721,fac7a8b626acc4c108dcb04ecd3971f7d14a47a23f0c52254519e1ebb87654a4,pass,o018-open-solver-lab/ch11-duality/results.json,,,,
,python_source,,,,,,,,,,,,,asset.o018.ch11.run-lab-py,,,,,,,2026-08-23T00:00:00+02:00,included,,,codex-r017-o018-id-production,rights.o018.code,,,,,,interlanguage.asset,0.1.0,,,,,verified,,3890,5a657b2793ff83861e6cb53bc653f330d76a3f29808f50b1f9afadd5dfabff0c,pass,o018-open-solver-lab/ch11-duality/run_lab.py,,,,
,python_source,,,,,,,,,,,,,asset.o018.ch11.test-models-py,,,,,,,2026-08-23T00:00:00+02:00,included,,,codex-r017-o018-id-production,rights.o018.code,,,,,,interlanguage.asset,0.1.0,,,,,verified,,15232,4b04d8420908da4c72706659a05aec53122f60bc83e2d74a30fd06ee6ba13308,pass,o018-open-solver-lab/ch11-duality/test_models.py,,,,
,lab_component,,,,,,,,,,,,,asset.o018.ch11.verification-log,,,,,,,2026-08-23T00:00:00+02:00,included,,,codex-r017-o018-id-production,rights.o018.prose-data,,,,,,interlanguage.asset,0.1.0,,,,,verified,,1020,bf7e1a90a827543a507b3e7558891f738c354130e2db0adafc145abc50f4bc0f,pass,o018-open-solver-lab/ch11-duality/verification.log,,,,
,verification_receipt_json,,,,,,,,,,,,,asset.o018.ch11.verification-receipt-json,,,,,,,2026-08-23T00:00:00+02:00,included,,,codex-r017-o018-id-production,rights.o018.prose-data,,,,,,interlanguage.asset,0.1.0,,,,,verified,,7398,1b6a1b14c0a557fa211342c3663a8dbe46cb186e0599da4ebc4dec668a358967,pass,o018-open-solver-lab/ch11-duality/verification-receipt.json,,,,
,python_source,,,,,,,,,,,,,asset.o018.ch11.verify-receipt-py,,,,,,,2026-08-23T00:00:00+02:00,included,,,codex-r017-o018-id-production,rights.o018.code,,,,,,interlanguage.asset,0.1.0,,,,,verified,,8607,c72fa33c2a89490e5691db702cb0cb068626585aed35a1e74b89bdb66ba100b0,pass,o018-open-solver-lab/ch11-duality/verify_receipt.py,,,,
,markdown_content,,,,,,,,,,,,,asset.o018.ch12.attribution-md,,,,,,,2026-08-23T00:00:00+02:00,included,,,codex-r017-o018-id-production,rights.o018.prose-data,,,,,,interlanguage.asset,0.1.0,,,,,verified,,2640,d66ba36c52010b7de57558460ee33cfba6f60a9b75ba13d71e7439aa4111a082,pass,o018-open-solver-lab/ch12-python-workflow/ATTRIBUTION.md,,,,
,structured_model_data,,,,,,,,,,,,,asset.o018.ch12.data-json,,,,,,,2026-08-23T00:00:00+02:00,included,,,codex-r017-o018-id-production,rights.o018.prose-data,,,,,,interlanguage.asset,0.1.0,,,,,verified,,5326,db7fc5e26f57ede97360d4ed1026ee29d87c71eb5fa0b57718a74d7d514dcf48,pass,o018-open-solver-lab/ch12-python-workflow/data.json,,,,
,expected_result_contract,,,,,,,,,,,,,asset.o018.ch12.expected-results-json,,,,,,,2026-08-23T00:00:00+02:00,included,,,codex-r017-o018-id-production,rights.o018.prose-data,,,,,,interlanguage.asset,0.1.0,,,,,verified,,2300,fe8edfbb1bb3d370da786d327cf120b6295789b2158b43d68ceebefb0ea1dea6,pass,o018-open-solver-lab/ch12-python-workflow/expected-results.json,,,,
,license_text,,,,,,,,,,,,,asset.o018.ch12.license-code-txt,,,,,,,2026-08-23T00:00:00+02:00,included,,,codex-r017-o018-id-production,rights.o018.code,,,,,,interlanguage.asset,0.1.0,,,,,verified,,1303,639320c64f5c5786ae2823f6e0e3b136ef37284894e33bc9dbafd4dde72d87fd,pass,o018-open-solver-lab/ch12-python-workflow/LICENSE-CODE.txt,,,,
,python_source,,,,,,,,,,,,,asset.o018.ch12.model-py,,,,,,,2026-08-23T00:00:00+02:00,included,,,codex-r017-o018-id-production,rights.o018.code,,,,,,interlanguage.asset,0.1.0,,,,,verified,,18487,5edc7a9ab49a2d016cbfe2bb8478d66b5344bd84be69562a2e4add8b67eddffe,pass,o018-open-solver-lab/ch12-python-workflow/model.py,,,,
,markdown_content,,,,,,,,,,,,,asset.o018.ch12.readme-md,,,,,,,2026-08-23T00:00:00+02:00,included,,,codex-r017-o018-id-production,rights.o018.prose-data,,,,,,interlanguage.asset,0.1.0,,,,,verified,,2865,59c555850abf9f11a75aba11d6b0bec39c409985a10a008892479f7dadf1d261,pass,o018-open-solver-lab/ch12-python-workflow/README.md,,,,
,deterministic_result_json,,,,,,,,,,,,,asset.o018.ch12.results-json,,,,,,,2026-08-23T00:00:00+02:00,included,,,codex-r017-o018-id-production,rights.o018.prose-data,,,,,,interlanguage.asset,0.1.0,,,,,verified,,23487,697c7bcf5b134a9067e7d25180c9b38e14a4461285cd65ce03fc05cdf216937d,pass,o018-open-solver-lab/ch12-python-workflow/results.json,,,,
,python_source,,,,,,,,,,,,,asset.o018.ch12.run-lab-py,,,,,,,2026-08-23T00:00:00+02:00,included,,,codex-r017-o018-id-production,rights.o018.code,,,,,,interlanguage.asset,0.1.0,,,,,verified,,2235,ce97e1f02fdf7d84e88e3fb6a0977722b48cbe034fbaaba29282931e34f01026,pass,o018-open-solver-lab/ch12-python-workflow/run_lab.py,,,,
,python_source,,,,,,,,,,,,,asset.o018.ch12.test-models-py,,,,,,,2026-08-23T00:00:00+02:00,included,,,codex-r017-o018-id-production,rights.o018.code,,,,,,interlanguage.asset,0.1.0,,,,,verified,,8393,b1f122b52c41fd655fcc7f4af0eb5322ba90e4e8720c99b47357574872b41706,pass,o018-open-solver-lab/ch12-python-workflow/test_models.py,,,,
,lab_component,,,,,,,,,,,,,asset.o018.ch12.verification-log,,,,,,,2026-08-23T00:00:00+02:00,included,,,codex-r017-o018-id-production,rights.o018.prose-data,,,,,,interlanguage.asset,0.1.0,,,,,verified,,1001,e877893268d3d07b76f63b2e90538e0bfa540384eda311218c6ec3f654add0c4,pass,o018-open-solver-lab/ch12-python-workflow/verification.log,,,,
,verification_receipt_json,,,,,,,,,,,,,asset.o018.ch12.verification-receipt-json,,,,,,,2026-08-23T00:00:00+02:00,included,,,codex-r017-o018-id-production,rights.o018.prose-data,,,,,,interlanguage.asset,0.1.0,,,,,verified,,5086,366302449758c0acbaefeda0d638c4fe011f2b2e08f6a34b141343b57d0e4cdf,pass,o018-open-solver-lab/ch12-python-workflow/verification-receipt.json,,,,
,python_source,,,,,,,,,,,,,asset.o018.ch12.verify-receipt-py,,,,,,,2026-08-23T00:00:00+02:00,included,,,codex-r017-o018-id-production,rights.o018.code,,,,,,interlanguage.asset,0.1.0,,,,,verified,,6972,8d8d1b6e0daa995b647e7642bbbb2e16cf1de06bb9a69c0177411bca4cf71470,pass,o018-open-solver-lab/ch12-python-workflow/verify_receipt.py,,,,
,markdown_content,,,,,,,,,,,,,asset.o018.ch13.attribution-md,,,,,,,2026-08-23T00:00:00+02:00,included,,,codex-r017-o018-id-production,rights.o018.prose-data,,,,,,interlanguage.asset,0.1.0,,,,,verified,,3359,a848daffdfabf1f795e23d34ea55d3542f95620c10f35280812a8a7c044e171b,pass,o018-open-solver-lab/ch13-multiobjective/ATTRIBUTION.md,,,,
,structured_model_data,,,,,,,,,,,,,asset.o018.ch13.data-json,,,,,,,2026-08-23T00:00:00+02:00,included,,,codex-r017-o018-id-production,rights.o018.prose-data,,,,,,interlanguage.asset,0.1.0,,,,,verified,,8462,7004ffc4b8714cfff9eee81c8a2420e1def9fbbb49373cb15efe7484c39cfbb5,pass,o018-open-solver-lab/ch13-multiobjective/data.json,,,,
,expected_result_contract,,,,,,,,,,,,,asset.o018.ch13.expected-results-json,,,,,,,2026-08-23T00:00:00+02:00,included,,,codex-r017-o018-id-production,rights.o018.prose-data,,,,,,interlanguage.asset,0.1.0,,,,,verified,,4362,90fa647a911a85a59cc1cb29ae01be4c907205054d369298acd6591a34add915,pass,o018-open-solver-lab/ch13-multiobjective/expected-results.json,,,,
,license_text,,,,,,,,,,,,,asset.o018.ch13.license-code-txt,,,,,,,2026-08-23T00:00:00+02:00,included,,,codex-r017-o018-id-production,rights.o018.code,,,,,,interlanguage.asset,0.1.0,,,,,verified,,1326,5346c6c8571dc373ecf57da5258f75ced76a7597991bd91e61d99cae91532eca,pass,o018-open-solver-lab/ch13-multiobjective/LICENSE-CODE.txt,,,,
,python_source,,,,,,,,,,,,,asset.o018.ch13.model-py,,,,,,,2026-08-23T00:00:00+02:00,included,,,codex-r017-o018-id-production,rights.o018.code,,,,,,interlanguage.asset,0.1.0,,,,,verified,,30022,f6ee0c29b174f763c98b95e27551df7ec679ee756deb9f437c48bcbe3bb39772,pass,o018-open-solver-lab/ch13-multiobjective/model.py,,,,
,python_source,,,,,,,,,,,,,asset.o018.ch13.plot-svg-py,,,,,,,2026-08-23T00:00:00+02:00,included,,,codex-r017-o018-id-production,rights.o018.code,,,,,,interlanguage.asset,0.1.0,,,,,verified,,10059,b4205d392c5aa7197e8ff370901138c4544dfbf8f3fa504cadf2af9ef417c899,pass,o018-open-solver-lab/ch13-multiobjective/plot_svg.py,,,,
,accessible_svg_plot,,,,,,,,,,,,,asset.o018.ch13.plots-ex13-04-svg,,,,,,,2026-08-23T00:00:00+02:00,included,,,codex-r017-o018-id-production,rights.o018.prose-data,,,,,,interlanguage.asset,0.1.0,,,,,verified,,5796,9b777a93dcd50d241a927c788d3b71def4d86e37cf4ab22dd4e4914f6f70a98e,pass,o018-open-solver-lab/ch13-multiobjective/plots/ex13-04.svg,,,,
,accessible_svg_plot,,,,,,,,,,,,,asset.o018.ch13.plots-ex13-07-svg,,,,,,,2026-08-23T00:00:00+02:00,included,,,codex-r017-o018-id-production,rights.o018.prose-data,,,,,,interlanguage.asset,0.1.0,,,,,verified,,4762,391caf4fa28797bbfe27276523b723becbde869e597a7c2f6bcf9cdc6594342b,pass,o018-open-solver-lab/ch13-multiobjective/plots/ex13-07.svg,,,,
,accessible_svg_plot,,,,,,,,,,,,,asset.o018.ch13.plots-ex13-09-svg,,,,,,,2026-08-23T00:00:00+02:00,included,,,codex-r017-o018-id-production,rights.o018.prose-data,,,,,,interlanguage.asset,0.1.0,,,,,verified,,4177,ea5c4c71b925ff4b1e0b271c8d4421d4b01093b0952b1f9944f2584ef2e99dce,pass,o018-open-solver-lab/ch13-multiobjective/plots/ex13-09.svg,,,,
,markdown_content,,,,,,,,,,,,,asset.o018.ch13.readme-md,,,,,,,2026-08-23T00:00:00+02:00,included,,,codex-r017-o018-id-production,rights.o018.prose-data,,,,,,interlanguage.asset,0.1.0,,,,,verified,,2358,040b270f9335ccd1003677f23c765dcbba44da37933a189812d8ff729069edd6,pass,o018-open-solver-lab/ch13-multiobjective/README.md,,,,
,deterministic_result_json,,,,,,,,,,,,,asset.o018.ch13.results-json,,,,,,,2026-08-23T00:00:00+02:00,included,,,codex-r017-o018-id-production,rights.o018.prose-data,,,,,,interlanguage.asset,0.1.0,,,,,verified,,35837,e38b0ec15b4f9825101dc0bfc12ea0d6f0fc962de2ab130191f2e6c1ab6535d8,pass,o018-open-solver-lab/ch13-multiobjective/results.json,,,,
,python_source,,,,,,,,,,,,,asset.o018.ch13.run-lab-py,,,,,,,2026-08-23T00:00:00+02:00,included,,,codex-r017-o018-id-production,rights.o018.code,,,,,,interlanguage.asset,0.1.0,,,,,verified,,3906,fb7f13abbe01041faf136154075b4c1ee9d53dac34822d3bf1db3455500e4069,pass,o018-open-solver-lab/ch13-multiobjective/run_lab.py,,,,
,python_source,,,,,,,,,,,,,asset.o018.ch13.test-models-py,,,,,,,2026-08-23T00:00:00+02:00,included,,,codex-r017-o018-id-production,rights.o018.code,,,,,,interlanguage.asset,0.1.0,,,,,verified,,13814,91e1016378a6d6ea1b16bab8ae19f2c1f2c1349374efd8cfcdc1c4f39fa1ce95,pass,o018-open-solver-lab/ch13-multiobjective/test_models.py,,,,
,lab_component,,,,,,,,,,,,,asset.o018.ch13.verification-log,,,,,,,2026-08-23T00:00:00+02:00,included,,,codex-r017-o018-id-production,rights.o018.prose-data,,,,,,interlanguage.asset,0.1.0,,,,,verified,,1609,995362d415da42e378a10b2a92c542c197d92f52fef4f9c4ecdbd9fd6afddf9f,pass,o018-open-solver-lab/ch13-multiobjective/verification.log,,,,
,verification_receipt_json,,,,,,,,,,,,,asset.o018.ch13.verification-receipt-json,,,,,,,2026-08-23T00:00:00+02:00,included,,,codex-r017-o018-id-production,rights.o018.prose-data,,,,,,interlanguage.asset,0.1.0,,,,,verified,,6896,a84952a0f0a706f115135c06f5da25d1494d8015190555b3631027907b1b37b2,pass,o018-open-solver-lab/ch13-multiobjective/verification-receipt.json,,,,
,python_source,,,,,,,,,,,,,asset.o018.ch13.verify-receipt-py,,,,,,,2026-08-23T00:00:00+02:00,included,,,codex-r017-o018-id-production,rights.o018.code,,,,,,interlanguage.asset,0.1.0,,,,,verified,,8358,098a358053e1359b5027cf4cb5fe132e461e560bf713c9e95e6da1c38178873a,pass,o018-open-solver-lab/ch13-multiobjective/verify_receipt.py,,,,
,markdown_content,,,,,,,,,,,,,asset.o018.ch14.attribution-md,,,,,,,2026-08-23T00:00:00+02:00,included,,,codex-r017-o018-id-production,rights.o018.prose-data,,,,,,interlanguage.asset,0.1.0,,,,,verified,,3040,19b8d862d51dfba90ef6ff450a7be470ee95c0d33aedb86145a114f98609abc7,pass,o018-open-solver-lab/ch14-graph-algorithms/ATTRIBUTION.md,,,,
,structured_model_data,,,,,,,,,,,,,asset.o018.ch14.data-json,,,,,,,2026-08-23T00:00:00+02:00,included,,,codex-r017-o018-id-production,rights.o018.prose-data,,,,,,interlanguage.asset,0.1.0,,,,,verified,,9856,5f9a6fd218236ff73d53ae70cf7ea1011e3c100e8bbb96f60650df940dd73e00,pass,o018-open-solver-lab/ch14-graph-algorithms/data.json,,,,
,expected_result_contract,,,,,,,,,,,,,asset.o018.ch14.expected-results-json,,,,,,,2026-08-23T00:00:00+02:00,included,,,codex-r017-o018-id-production,rights.o018.prose-data,,,,,,interlanguage.asset,0.1.0,,,,,verified,,3417,e20b4eb703cb7dcfcd6841dd87d70a3c16df6242dc6315a8a746c42efee58e1b,pass,o018-open-solver-lab/ch14-graph-algorithms/expected-results.json,,,,
,license_text,,,,,,,,,,,,,asset.o018.ch14.license-code-txt,,,,,,,2026-08-23T00:00:00+02:00,included,,,codex-r017-o018-id-production,rights.o018.code,,,,,,interlanguage.asset,0.1.0,,,,,verified,,1325,0d0676d29717b661ea219a8100b02dabd4cdf631ae0dceedb2640e754822fbca,pass,o018-open-solver-lab/ch14-graph-algorithms/LICENSE-CODE.txt,,,,
,python_source,,,,,,,,,,,,,asset.o018.ch14.model-py,,,,,,,2026-08-23T00:00:00+02:00,included,,,codex-r017-o018-id-production,rights.o018.code,,,,,,interlanguage.asset,0.1.0,,,,,verified,,24248,f8f3c4c688b91293982933ba736292be4c147f23974d916bd413d9644fa78cca,pass,o018-open-solver-lab/ch14-graph-algorithms/model.py,,,,
,python_source,,,,,,,,,,,,,asset.o018.ch14.plot-svg-py,,,,,,,2026-08-23T00:00:00+02:00,included,,,codex-r017-o018-id-production,rights.o018.code,,,,,,interlanguage.asset,0.1.0,,,,,verified,,6526,bc4d8a064a1934ae910d5e49bbb8126e1ac563dfed9a05ec91fa61e1f4c21940,pass,o018-open-solver-lab/ch14-graph-algorithms/plot_svg.py,,,,
,accessible_svg_plot,,,,,,,,,,,,,asset.o018.ch14.plots-ex14-01-mst-svg,,,,,,,2026-08-23T00:00:00+02:00,included,,,codex-r017-o018-id-production,rights.o018.prose-data,,,,,,interlanguage.asset,0.1.0,,,,,verified,,6544,a258fff2e13aaf2698d22e646e75d502541c81465d1de51f50bbf549676e27a9,pass,o018-open-solver-lab/ch14-graph-algorithms/plots/ex14-01-mst.svg,,,,
,accessible_svg_plot,,,,,,,,,,,,,asset.o018.ch14.plots-ex14-04-shortest-svg,,,,,,,2026-08-23T00:00:00+02:00,included,,,codex-r017-o018-id-production,rights.o018.prose-data,,,,,,interlanguage.asset,0.1.0,,,,,verified,,5513,1e29a6a58f19af2552911cb0bfe2ee43143ff8c4e7e07e4d32604622fe0b7e93,pass,o018-open-solver-lab/ch14-graph-algorithms/plots/ex14-04-shortest.svg,,,,
,markdown_content,,,,,,,,,,,,,asset.o018.ch14.readme-md,,,,,,,2026-08-23T00:00:00+02:00,included,,,codex-r017-o018-id-production,rights.o018.prose-data,,,,,,interlanguage.asset,0.1.0,,,,,verified,,2294,124356d34b3cf86bbefb309fd3da338ff85e68c941495a4e9315640890777b79,pass,o018-open-solver-lab/ch14-graph-algorithms/README.md,,,,
,deterministic_result_json,,,,,,,,,,,,,asset.o018.ch14.results-json,,,,,,,2026-08-23T00:00:00+02:00,included,,,codex-r017-o018-id-production,rights.o018.prose-data,,,,,,interlanguage.asset,0.1.0,,,,,verified,,24177,6e9fa65517c722c749aa2805ab852bf8aaf5c77eaf46c5d6500b63bdc7e0af2c,pass,o018-open-solver-lab/ch14-graph-algorithms/results.json,,,,
,python_source,,,,,,,,,,,,,asset.o018.ch14.run-lab-py,,,,,,,2026-08-23T00:00:00+02:00,included,,,codex-r017-o018-id-production,rights.o018.code,,,,,,interlanguage.asset,0.1.0,,,,,verified,,3515,87893d8937289b6179e18a89964d9c637fb06c9ad3186817fed1d62819b34e84,pass,o018-open-solver-lab/ch14-graph-algorithms/run_lab.py,,,,
,python_source,,,,,,,,,,,,,asset.o018.ch14.test-models-py,,,,,,,2026-08-23T00:00:00+02:00,included,,,codex-r017-o018-id-production,rights.o018.code,,,,,,interlanguage.asset,0.1.0,,,,,verified,,15698,82dc9ddd564fd80257345bfcd0bd2100df338b034d11996896e21224342f8283,pass,o018-open-solver-lab/ch14-graph-algorithms/test_models.py,,,,
,lab_component,,,,,,,,,,,,,asset.o018.ch14.verification-log,,,,,,,2026-08-23T00:00:00+02:00,included,,,codex-r017-o018-id-production,rights.o018.prose-data,,,,,,interlanguage.asset,0.1.0,,,,,verified,,1671,6451919d12495e957eb2568cb3bfbec2c1896c328debe0a6254438b286212041,pass,o018-open-solver-lab/ch14-graph-algorithms/verification.log,,,,
,verification_receipt_json,,,,,,,,,,,,,asset.o018.ch14.verification-receipt-json,,,,,,,2026-08-23T00:00:00+02:00,included,,,codex-r017-o018-id-production,rights.o018.prose-data,,,,,,interlanguage.asset,0.1.0,,,,,verified,,5805,12adf711935c6009170043a6570aae16550def4731fc85d788fa187b34db4e11,pass,o018-open-solver-lab/ch14-graph-algorithms/verification-receipt.json,,,,
,python_source,,,,,,,,,,,,,asset.o018.ch14.verify-receipt-py,,,,,,,2026-08-23T00:00:00+02:00,included,,,codex-r017-o018-id-production,rights.o018.code,,,,,,interlanguage.asset,0.1.0,,,,,verified,,7358,e06f6747017820bd17e2f3647fd954fb5abd53f429d541af402f5ac2666ce89a,pass,o018-open-solver-lab/ch14-graph-algorithms/verify_receipt.py,,,,
,markdown_content,,,,,,,,,,,,,asset.o018.ch15.attribution-md,,,,,,,2026-08-23T00:00:00+02:00,included,,,codex-r017-o018-id-production,rights.o018.prose-data,,,,,,interlanguage.asset,0.1.0,,,,,verified,,2876,6b8f21442f205844d5a5e8973b3017282c4f2b7938ef676ec8310559901c2ddc,pass,o018-open-solver-lab/ch15-integer-programming/ATTRIBUTION.md,,,,
,structured_model_data,,,,,,,,,,,,,asset.o018.ch15.data-json,,,,,,,2026-08-23T00:00:00+02:00,included,,,codex-r017-o018-id-production,rights.o018.prose-data,,,,,,interlanguage.asset,0.1.0,,,,,verified,,10498,5c4a8e67e777477f13b6abecc4d945c26a4624b708e99f59d24b0a807f2a0aa6,pass,o018-open-solver-lab/ch15-integer-programming/data.json,,,,
,expected_result_contract,,,,,,,,,,,,,asset.o018.ch15.expected-results-json,,,,,,,2026-08-23T00:00:00+02:00,included,,,codex-r017-o018-id-production,rights.o018.prose-data,,,,,,interlanguage.asset,0.1.0,,,,,verified,,4098,d7157770597dd35b363a65feec14d967dfb1ad1c991ac9cb37ca0b06c1f2c5bf,pass,o018-open-solver-lab/ch15-integer-programming/expected-results.json,,,,
,license_text,,,,,,,,,,,,,asset.o018.ch15.license-code-txt,,,,,,,2026-08-23T00:00:00+02:00,included,,,codex-r017-o018-id-production,rights.o018.code,,,,,,interlanguage.asset,0.1.0,,,,,verified,,1091,3af65c07da546f32647333f84eb682f040ed45cabfa14ce5e1650f6a67f00ceb,pass,o018-open-solver-lab/ch15-integer-programming/LICENSE-CODE.txt,,,,
,python_source,,,,,,,,,,,,,asset.o018.ch15.model-py,,,,,,,2026-08-23T00:00:00+02:00,included,,,codex-r017-o018-id-production,rights.o018.code,,,,,,interlanguage.asset,0.1.0,,,,,verified,,32536,cf8df1ba76454d75a47b26cdc77db0808a660a2058ab153fd84bd3563bfe797c,pass,o018-open-solver-lab/ch15-integer-programming/model.py,,,,
,python_source,,,,,,,,,,,,,asset.o018.ch15.plot-svg-py,,,,,,,2026-08-23T00:00:00+02:00,included,,,codex-r017-o018-id-production,rights.o018.code,,,,,,interlanguage.asset,0.1.0,,,,,verified,,8730,8fd0adbc1428ef2073ce3a799c1e60740f06dd5c3aa247c989aed2c14f065e9d,pass,o018-open-solver-lab/ch15-integer-programming/plot_svg.py,,,,
,accessible_svg_plot,,,,,,,,,,,,,asset.o018.ch15.plots-ex15-09-svg,,,,,,,2026-08-23T00:00:00+02:00,included,,,codex-r017-o018-id-production,rights.o018.prose-data,,,,,,interlanguage.asset,0.1.0,,,,,verified,,2988,904ae7b48bdab8367e7f87a176c9b3afa36437cfc9e0dbe161f30dcf5d03e219,pass,o018-open-solver-lab/ch15-integer-programming/plots/ex15-09.svg,,,,
,accessible_svg_plot,,,,,,,,,,,,,asset.o018.ch15.plots-ex15-16-svg,,,,,,,2026-08-23T00:00:00+02:00,included,,,codex-r017-o018-id-production,rights.o018.prose-data,,,,,,interlanguage.asset,0.1.0,,,,,verified,,5092,8fc9e96cf89a3a409e7c9aa7cd082ea3c8d68b49c22db2278f8ff4267c6faf26,pass,o018-open-solver-lab/ch15-integer-programming/plots/ex15-16.svg,,,,
,markdown_content,,,,,,,,,,,,,asset.o018.ch15.readme-md,,,,,,,2026-08-23T00:00:00+02:00,included,,,codex-r017-o018-id-production,rights.o018.prose-data,,,,,,interlanguage.asset,0.1.0,,,,,verified,,2288,6517bbd5f7fa32d514bf9c025e51b947306d6bb4ed9ff6b05a274af8ef8555fa,pass,o018-open-solver-lab/ch15-integer-programming/README.md,,,,
,deterministic_result_json,,,,,,,,,,,,,asset.o018.ch15.results-json,,,,,,,2026-08-23T00:00:00+02:00,included,,,codex-r017-o018-id-production,rights.o018.prose-data,,,,,,interlanguage.asset,0.1.0,,,,,verified,,23043,00617ba0cc79ea0f78c7dd1ac8efff8513660b0fa2764966a0b7882a45cbfeb3,pass,o018-open-solver-lab/ch15-integer-programming/results.json,,,,
,python_source,,,,,,,,,,,,,asset.o018.ch15.run-lab-py,,,,,,,2026-08-23T00:00:00+02:00,included,,,codex-r017-o018-id-production,rights.o018.code,,,,,,interlanguage.asset,0.1.0,,,,,verified,,4508,142083cec2a988cc2d3b1130e8fb0516de7cef885ba56f0055e61ec9cd286077,pass,o018-open-solver-lab/ch15-integer-programming/run_lab.py,,,,
,python_source,,,,,,,,,,,,,asset.o018.ch15.test-models-py,,,,,,,2026-08-23T00:00:00+02:00,included,,,codex-r017-o018-id-production,rights.o018.code,,,,,,interlanguage.asset,0.1.0,,,,,verified,,11215,d3564fa7862511e4f4011e757b6076f61d0f6fcb7e99e723873044b484f5c4ff,pass,o018-open-solver-lab/ch15-integer-programming/test_models.py,,,,
,lab_component,,,,,,,,,,,,,asset.o018.ch15.verification-log,,,,,,,2026-08-23T00:00:00+02:00,included,,,codex-r017-o018-id-production,rights.o018.prose-data,,,,,,interlanguage.asset,0.1.0,,,,,verified,,1728,897ebfb197e44a472a7c82501dcf6eb4581d67df43b7e7564a70eae355534a63,pass,o018-open-solver-lab/ch15-integer-programming/verification.log,,,,
,verification_receipt_json,,,,,,,,,,,,,asset.o018.ch15.verification-receipt-json,,,,,,,2026-08-23T00:00:00+02:00,included,,,codex-r017-o018-id-production,rights.o018.prose-data,,,,,,interlanguage.asset,0.1.0,,,,,verified,,6869,0ff668ab2a325f63ef0d1881e74ea29f4dc31ee31fb7437d42ce709dcfa07742,pass,o018-open-solver-lab/ch15-integer-programming/verification-receipt.json,,,,
,python_source,,,,,,,,,,,,,asset.o018.ch15.verify-receipt-py,,,,,,,2026-08-23T00:00:00+02:00,included,,,codex-r017-o018-id-production,rights.o018.code,,,,,,interlanguage.asset,0.1.0,,,,,verified,,8580,4f41a801ff92c95bc2fc2a1d568aa802c41689e53a7b019d147035ee0fa76d6e,pass,o018-open-solver-lab/ch15-integer-programming/verify_receipt.py,,,,
,model_data_json,,,,,,edition.o018.id-id.draft,,,,,,,asset.o018.data,,,,,,,2026-08-23T00:00:00+02:00,,,resource.o018.open-solver-lab,codex-r017-o018-id-production,rights.o018.prose-data,,,,,,interlanguage.asset,0.1.0,,,,,source_frozen,,1114,745ca09845d1baf2c56d0e18ae7598e3375fa984b259745ec1c47a6b20c5bcdf,pass,o018-open-solver-lab/ch01-shirt-ordering/data.json,,,,
,expected_results_json,,,,,,edition.o018.id-id.draft,,,,,,,asset.o018.expected-results,,,,,,,2026-08-23T00:00:00+02:00,,,resource.o018.open-solver-lab,codex-r017-o018-id-production,rights.o018.prose-data,,,,,,interlanguage.asset,0.1.0,,,,,verified,,606,a24655025964174009ee4cd60249454d845d269d017b78bb5c299efadd7146d2,pass,o018-open-solver-lab/ch01-shirt-ordering/expected-results.json,,,,
,license_text,,,,,,edition.o018.id-id.draft,,,,,,,asset.o018.license-code,,,,,,,2026-08-23T00:00:00+02:00,,,resource.o018.open-solver-lab,codex-r017-o018-id-production,rights.o018.code,,,,,,interlanguage.asset,0.1.0,,,,,source_frozen,,1091,3af65c07da546f32647333f84eb682f040ed45cabfa14ce5e1650f6a67f00ceb,pass,o018-open-solver-lab/LICENSE-CODE.txt,,,,
,python_model,,,,,,edition.o018.id-id.draft,,,,,,,asset.o018.model,,,,,,,2026-08-23T00:00:00+02:00,,,resource.o018.open-solver-lab,codex-r017-o018-id-production,rights.o018.code,,,,,,interlanguage.asset,0.1.0,,,,,verified,,4028,30b0d1c2f5c46dae624bd88a0a3f12222abc6ce019865004b4b18a632fdf6d02,pass,o018-open-solver-lab/ch01-shirt-ordering/model.py,,,,
,markdown_primary_content,,,,,,edition.o018.id-id.draft,,,,,,,asset.o018.readme,,,,,,,2026-08-23T00:00:00+02:00,,,resource.o018.open-solver-lab,codex-r017-o018-id-production,rights.o018.prose-data,,,,,,interlanguage.asset,0.1.0,,,,,source_frozen,,1442,3b52da00b4b2c7cfb05a2ca983f14e92b711d27725bcc2ab1beb74a7f0a18911,pass,o018-open-solver-lab/README.md,,,,
,dependency_lock,,,,,,edition.o018.id-id.draft,,,,,,,asset.o018.requirements-lock,,,,,,,2026-08-23T00:00:00+02:00,,,resource.o018.open-solver-lab,codex-r017-o018-id-production,rights.o018.code,,,,,,interlanguage.asset,0.1.0,,,,,source_frozen,,602,2172e05818e66089772851294c4143497616b17bbe449e1a38f5aeb7a54418a0,pass,o018-open-solver-lab/requirements.lock,,,,
,computed_results_json,,,,,,edition.o018.id-id.draft,,,,,,,asset.o018.results,,,,,,,2026-08-23T00:00:00+02:00,,,resource.o018.open-solver-lab,codex-r017-o018-id-production,rights.o018.prose-data,,,,,,interlanguage.asset,0.1.0,,,,,verified,,775,072e0e4fea8dd76a931dae1d2190605be6b015db7d19765a84d775d77fc82dbf,pass,o018-open-solver-lab/ch01-shirt-ordering/results.json,,,,
,python_entrypoint,,,,,,edition.o018.id-id.draft,,,,,,,asset.o018.runner,,,,,,,2026-08-23T00:00:00+02:00,,,resource.o018.open-solver-lab,codex-r017-o018-id-production,rights.o018.code,,,,,,interlanguage.asset,0.1.0,,,,,verified,,1390,4a2777963828ee1b698f8f6ef199fd0eb5d24cb508c0e60c16b8ce25ffda5f9e,pass,o018-open-solver-lab/ch01-shirt-ordering/run_lab.py,,,,
,runtime_receipt_json,,,,,,edition.o018.id-id.draft,,,,,,,asset.o018.runtime-receipt,,,,,,,2026-08-23T00:00:00+02:00,,,resource.o018.open-solver-lab,codex-r017-o018-id-production,rights.o018.prose-data,,,,,,interlanguage.asset,0.1.0,,,,,verified,,1952,627cc1a3cbeec61635f61adff047478616e8d1de59161d632acf15372467fe7d,pass,o018-open-solver-lab/runtime-receipt.json,,,,
,attribution,,,,,,,,,,,,,asset.o018.simplex.attribution,,,,,,,2026-08-23T00:00:00+02:00,,,,codex-r017-o018-id-production,rights.o018.prose-data,,,,,,interlanguage.asset,0.1.0,,,,,verified,,4021,768296e796ce9ed348226b9470cd551da6f57602e0eaf0364702d0662d3fcb73,pass,o018-open-solver-lab/ch07-ch09-simplex/ATTRIBUTION.md,,,,
,structured_model_data,,,,,,,,,,,,,asset.o018.simplex.data,,,,,,,2026-08-23T00:00:00+02:00,,,,codex-r017-o018-id-production,rights.o018.prose-data,,,,,,interlanguage.asset,0.1.0,,,,,verified,,16509,2c479ecc217985d901ee029a5e18f1e3d93527bde772b5290a14047a386f0224,pass,o018-open-solver-lab/ch07-ch09-simplex/data.json,,,,
,expected_result_contract,,,,,,,,,,,,,asset.o018.simplex.expected-results,,,,,,,2026-08-23T00:00:00+02:00,,,,codex-r017-o018-id-production,rights.o018.prose-data,,,,,,interlanguage.asset,0.1.0,,,,,verified,,9043,928da99205ec849ef3abd9ab9a8e041a711f02e8261bf31b856dbf663b283625,pass,o018-open-solver-lab/ch07-ch09-simplex/expected-results.json,,,,
,license_text,,,,,,,,,,,,,asset.o018.simplex.license-code,,,,,,,2026-08-23T00:00:00+02:00,,,,codex-r017-o018-id-production,rights.o018.code,,,,,,interlanguage.asset,0.1.0,,,,,verified,,1325,0d0676d29717b661ea219a8100b02dabd4cdf631ae0dceedb2640e754822fbca,pass,o018-open-solver-lab/ch07-ch09-simplex/LICENSE-CODE.txt,,,,
,executable_model_source,,,,,,,,,,,,,asset.o018.simplex.model,,,,,,,2026-08-23T00:00:00+02:00,,,,codex-r017-o018-id-production,rights.o018.code,,,,,,interlanguage.asset,0.1.0,,,,,verified,,49669,a20fbffe87b200f05532101c7276228f9f7c9d44c486027644dc532546a920ab,pass,o018-open-solver-lab/ch07-ch09-simplex/model.py,,,,
,deterministic_svg_renderer,,,,,,,,,,,,,asset.o018.simplex.plot-renderer,,,,,,,2026-08-23T00:00:00+02:00,,,,codex-r017-o018-id-production,rights.o018.code,,,,,,interlanguage.asset,0.1.0,,,,,verified,,11050,27ab8f0d16a4c3495e8b7667684273f7fee57173364e60dbecaa03a4179aa5f2,pass,o018-open-solver-lab/ch07-ch09-simplex/plot_svg.py,,,,
,accessible_svg_plot,,,,,,,,,,,,,asset.o018.simplex.plot.ex07-15,,,,,,,2026-08-23T00:00:00+02:00,,,,codex-r017-o018-id-production,rights.o018.prose-data,,,,,,interlanguage.asset,0.1.0,,,,,verified,,5221,78d59b12e48cb1ced8ad6e3898d3c340748f5e3ae81fb0d140e4cd258b21aefa,pass,o018-open-solver-lab/ch07-ch09-simplex/plots/ex07-15.svg,,,,
,accessible_svg_plot,,,,,,,,,,,,,asset.o018.simplex.plot.ex07-17,,,,,,,2026-08-23T00:00:00+02:00,,,,codex-r017-o018-id-production,rights.o018.prose-data,,,,,,interlanguage.asset,0.1.0,,,,,verified,,4315,30c6258a53f350fccdde72955f79e55319f59434ea2d1433c2bea68572d4a09b,pass,o018-open-solver-lab/ch07-ch09-simplex/plots/ex07-17.svg,,,,
,accessible_svg_plot,,,,,,,,,,,,,asset.o018.simplex.plot.ex09-12,,,,,,,2026-08-23T00:00:00+02:00,,,,codex-r017-o018-id-production,rights.o018.prose-data,,,,,,interlanguage.asset,0.1.0,,,,,verified,,5254,74f01264976f86ed7e7d7eadd52e2110f121b3b01585249ae424ee236feff731,pass,o018-open-solver-lab/ch07-ch09-simplex/plots/ex09-12.svg,,,,
,laboratory_guide,,,,,,,,,,,,,asset.o018.simplex.readme,,,,,,,2026-08-23T00:00:00+02:00,,,,codex-r017-o018-id-production,rights.o018.prose-data,,,,,,interlanguage.asset,0.1.0,,,,,verified,,3027,dd7005e38dc8654870ef386ce3b0935070183b08abfdd130a8322cf34020bfa2,pass,o018-open-solver-lab/ch07-ch09-simplex/README.md,,,,
,deterministic_result_json,,,,,,,,,,,,,asset.o018.simplex.results,,,,,,,2026-08-23T00:00:00+02:00,,,,codex-r017-o018-id-production,rights.o018.prose-data,,,,,,interlanguage.asset,0.1.0,,,,,verified,,110132,0d33eda2ba7d99fde16519aed4920d7c6d478a2f2cb7d376a5e77f82968151e6,pass,o018-open-solver-lab/ch07-ch09-simplex/results.json,,,,
,deterministic_runner,,,,,,,,,,,,,asset.o018.simplex.runner,,,,,,,2026-08-23T00:00:00+02:00,,,,codex-r017-o018-id-production,rights.o018.code,,,,,,interlanguage.asset,0.1.0,,,,,verified,,3754,47afecce8881a04d06cb578a8b375781a649ac71be97403d2bc3d54cf2f7634e,pass,o018-open-solver-lab/ch07-ch09-simplex/run_lab.py,,,,
,automated_tests,,,,,,,,,,,,,asset.o018.simplex.tests,,,,,,,2026-08-23T00:00:00+02:00,,,,codex-r017-o018-id-production,rights.o018.code,,,,,,interlanguage.asset,0.1.0,,,,,verified,,18667,d5bc10a854cc3ab027c0a1f116149fb77ccfab809aa2d83f9c687a2d63517dde,pass,o018-open-solver-lab/ch07-ch09-simplex/test_models.py,,,,
,verification_log,,,,,,,,,,,,,asset.o018.simplex.verification-log,,,,,,,2026-08-23T00:00:00+02:00,,,,codex-r017-o018-id-production,rights.o018.prose-data,,,,,,interlanguage.asset,0.1.0,,,,,verified,,1370,a9183efac44f864bf5b590c97b60be8b0cc19113c4dc40eadaeafdffe4cf1a41,pass,o018-open-solver-lab/ch07-ch09-simplex/verification.log,,,,
,verification_receipt_json,,,,,,,,,,,,,asset.o018.simplex.verification-receipt,,,,,,,2026-08-23T00:00:00+02:00,,,,codex-r017-o018-id-production,rights.o018.prose-data,,,,,,interlanguage.asset,0.1.0,,,,,verified,,9578,53abc5c654191ad1b861bc58a7cf12c52bf9a65ac61724bb19d4485922f9972b,pass,o018-open-solver-lab/ch07-ch09-simplex/verification-receipt.json,,,,
,verification_program,,,,,,,,,,,,,asset.o018.simplex.verifier,,,,,,,2026-08-23T00:00:00+02:00,,,,codex-r017-o018-id-production,rights.o018.code,,,,,,interlanguage.asset,0.1.0,,,,,verified,,8229,5ed56bb1644e4ea29638073ea50fc68d645dde46854d10a9e904db60d8d15f31,pass,o018-open-solver-lab/ch07-ch09-simplex/verify_receipt.py,,,,
,python_tests,,,,,,edition.o018.id-id.draft,,,,,,,asset.o018.tests,,,,,,,2026-08-23T00:00:00+02:00,,,resource.o018.open-solver-lab,codex-r017-o018-id-production,rights.o018.code,,,,,,interlanguage.asset,0.1.0,,,,,verified,,2091,08aa1c98ab0fe2b27670c05382b5bb4c9ed2624665acb3293efdb8132cdc9894,pass,o018-open-solver-lab/ch01-shirt-ordering/test_model.py,,,,
,bibliography_bib,,,,,,,,,,,,,asset.r017.bibliography.book-references,,,,,,,2026-08-23T00:00:00+02:00,,,,codex-r017-o018-id-production,rights.r017.content,,,,,,interlanguage.asset,0.1.0,4511,0b1a995acfcf281fb7f74ed7b052216dad441e5e63817d3556a759ba7d490789,,Intro-Math-Programming/baseText/book/references.bib,verified,,4488,57f0da09bc20a32be20d41039b7bdbd89e6d7a97b9579a534f00927adab6f6f2,pass,Intro-Math-Programming/baseText/book/references.bib,,,,
,external_bibliography_bib,,,,,,,,,,,,,asset.r017.bibliography.external-open-optimization,,,,,,,2026-08-23T00:00:00+02:00,,,,codex-r017-o018-id-production,rights.external.open-optimization-bibliography-caveat,,,,,,interlanguage.asset,0.1.0,,,,,verified_with_caveat,,283807,ad7251ddac3532af43613979aaede41acd6680a6077c9afd0ba40751666dc5d9,pass,open-optimization-bibliography/bib/references.bib,,,,
,bibliography_bib,,,,,,,,,,,,,asset.r017.bibliography.figure-source-metadata,,,,,,,2026-08-23T00:00:00+02:00,,,,codex-r017-o018-id-production,rights.r017.content,,,,,,interlanguage.asset,0.1.0,141710,685d94b2a195fe88aac15d803d612beef0bc906a4c8278884271a6b48fb11fa6,,Intro-Math-Programming/baseText/optimization/figures/figures-source/00_METADATA.bib,verified,,141710,685d94b2a195fe88aac15d803d612beef0bc906a4c8278884271a6b48fb11fa6,pass,Intro-Math-Programming/baseText/optimization/figures/figures-source/00_METADATA.bib,,,,
,bibliography_bib,,,,,,,,,,,,,asset.r017.bibliography.id-source-corrections,,,,,,,2026-08-23T00:00:00+02:00,,,,codex-r017-o018-id-production,rights.r017.content,,,,,,interlanguage.asset,0.1.0,,,,,built,,1453,d591f468a48535853b615ea1849f1beb38eedb2e28ca0abb2e2a961f6c707b33,pass,Intro-Math-Programming/baseText/book/preamble/id-ID-source-corrections.bib,,,,
,latex_build_dependency,,,,,,,,,,,,,asset.r017.build.accessibility,,,,,,,2026-08-23T00:00:00+02:00,,,,codex-r017-o018-id-production,rights.r017.code,,,,,,interlanguage.asset,0.1.0,1030,c7f9c7f6305c42e5b7235d2be571b949c7cbc6ea0eb4aed74e2158d51f71052b,,Intro-Math-Programming/baseText/book/preamble/preamble-accessibility.tex,built,,1305,8c722a967d797e0ac882a61be787efc89527780ac07db9e7d2dfce26b686d864,pass,Intro-Math-Programming/baseText/book/preamble/preamble-accessibility.tex,,,,
,latex_build_dependency,,,,,,,,,,,,,asset.r017.build.biblatex-preamble,,,,,,,2026-08-23T00:00:00+02:00,,,,codex-r017-o018-id-production,rights.r017.code,,,,,,interlanguage.asset,0.1.0,5894,7eeb06ea5cad3cfe0ef4de3a616127b2f1fac9bb7f1e82534bbd9b8c4ca3beb0,,Intro-Math-Programming/baseText/book/preamble/preamble0-biblatex.tex,built,,6390,937cccad8f1da4d109ccf1109160d3e284448ba4841f6aaacfe4ec447e33cf76,pass,Intro-Math-Programming/baseText/book/preamble/preamble0-biblatex.tex,,,,
,latex_build_dependency,,,,,,,,,,,,,asset.r017.build.optimization-preamble,,,,,,,2026-08-23T00:00:00+02:00,,,,codex-r017-o018-id-production,rights.r017.code,,,,,,interlanguage.asset,0.1.0,7660,39e306702c2a28b3b6d5c8ad15a86e8957a4ea4d2e972c9f6f998620f6a45afc,,Intro-Math-Programming/baseText/book/preamble/preamble-optimization.tex,built,,7718,fcbc112b153548f356754b6fd4ca3d2344599c58d75e08b9172459dfbbacd460,pass,Intro-Math-Programming/baseText/book/preamble/preamble-optimization.tex,,,,
,latex_build_dependency,,,,,,,,,,,,,asset.r017.build.packages,,,,,,,2026-08-23T00:00:00+02:00,,,,codex-r017-o018-id-production,rights.r017.code,,,,,,interlanguage.asset,0.1.0,36391,bbab34a2029649520a99ea70bb0b09ed8740c824bcb53b8d975d7ea8ffc03d89,,Intro-Math-Programming/baseText/packages-and-commands.tex,built,,37042,ca5258fa93b13919768cf2fee8032a5c9a63ad88f6160b8d26a2ea3861e0d7d5,pass,Intro-Math-Programming/baseText/packages-and-commands.tex,,,,
,localized_build_script,,,,,,,,,,,,,asset.r017.build.through-ch02,,,,,,,2026-08-23T00:00:00+02:00,,,,codex-r017-o018-id-production,rights.r017.code,,,,,,interlanguage.asset,0.1.0,,,,,built,,1014,f76226995d64ff8196a6edefb41064bb5dad71b4feb3e71a9c5ddc7ee08f7ad2,pass,Intro-Math-Programming/baseText/book/build-through-ch02-id.ps1,,,,
,localized_build_script,,,,,,,,,,,,,asset.r017.build.through-ch03,,,,,,,2026-08-23T00:00:00+02:00,,,,codex-r017-o018-id-production,rights.r017.code,,,,,,interlanguage.asset,0.1.0,,,,,built,,1014,49cf34e508227551fdf7e2c019f99eb609723f21e892fe158e023ffa7e1151b8,pass,Intro-Math-Programming/baseText/book/build-through-ch03-id.ps1,,,,
,deterministic_build_script,,,,,,,,,,,,,asset.r017.builder.through-ch05,,,,,,,2026-08-23T00:00:00+02:00,,,,codex-r017-o018-id-production,rights.r017.code,,,,,,interlanguage.asset,0.1.0,,,,,verified,,1014,031d2b2e7def1d40f0a0ac97d77ab5991007d6a88c94bed94a8f110408e3f4bf,pass,Intro-Math-Programming/baseText/book/build-through-ch05-id.ps1,,,,
,deterministic_build_script,,,,,,,,,,,,,asset.r017.builder.through-ch06,,,,,,,2026-08-23T00:00:00+02:00,,,,codex-r017-o018-id-production,rights.r017.code,,,,,,interlanguage.asset,0.1.0,,,,,verified,,1014,aee652e6f2cbfe56a7f5f945da2ccbe4e6764a43f812e75707b5ecfbbb96518e,pass,Intro-Math-Programming/baseText/book/build-through-ch06-id.ps1,,,,
,deterministic_build_script,,,,,,,,,,,,,asset.r017.builder.through-simplex,,,,,,,2026-08-23T00:00:00+02:00,,,,codex-r017-o018-id-production,rights.r017.code,,,,,,interlanguage.asset,0.1.0,,,,,verified,,3425,1cb697afeb5449bb8173ebca692d9cb9b61193762b8b968fd5ea6c829ee4416d,pass,Intro-Math-Programming/baseText/book/build-through-simplex-id.ps1,,,,
,localized_partial_backmatter,,,,,,,,,,,,,asset.r017.ch02.checkpoint-answers,,,,,,,2026-08-23T00:00:00+02:00,,,,codex-r017-o018-id-production,rights.r017.content,,,,,,interlanguage.asset,0.1.0,,,,,built,,1143,0b4b3a25b31f7bb4372ef33bc250eac76f1216766f606c3481a50c308ea447f4,pass,Intro-Math-Programming/baseText/book/backmatter/checkpoint-answers-through-ch02-id.tex,,,,
,source_notebook,1195,8af36754a8b7e391e5b1eb93865d1bf28371a2d48981752074181e476e496ce3,"{""bytes"":null,""path"":""Intro-Math-Programming/baseText/optimization/optimization-examples/bakery_production_gurobi.ipynb"",""present"":false,""sha256"":null}","{""authority_witness_path"":""source/Intro-Math-Programming/baseText/optimization/optimization-examples/bakery_production_gurobi.ipynb"",""authority_witness_present"":false,""localized_derivative_path"":null,""localized_derivative_present"":false}",authority_original_pruned_from_target_and_current_public_source_package; frozen_authority_only,,false,,jupyter_notebook_json,,,,asset.r017.ch02.notebook.bakery-production.gurobi,"{""bytes"":null,""path"":null,""present"":false,""sha256"":null}",artifact.backend.machine-backend-evidence,,"{""disposition"":""no_item_level_o018_pyomo_highs_mapping"",""mapping_role"":""r017_authority_witness_only"",""mapping_unit_ids"":[],""pyomo_highs_applicability"":""not_mapped"",""runtime_dependency_ids"":[],""scope_note"":""The current O018 inventory does not claim a Pyomo+HiGHS replacement for this exact witness; it remains frozen R017 authority evidence only.""}",python_notebook_requiring_proprietary_gurobi_runtime_and_license,true,2026-08-23T00:00:00+02:00,,,,codex-r017-o018-id-production,rights.r017.code,,external_proprietary_runtime_not_shipped,,"[""Python"",""Jupyter"",""gurobipy/Gurobi""]","[""dependency.gurobi""]",interlanguage.asset,0.1.0,1195,8af36754a8b7e391e5b1eb93865d1bf28371a2d48981752074181e476e496ce3,,Intro-Math-Programming/baseText/optimization/optimization-examples/bakery_production_gurobi.ipynb,authority_frozen_target_pruned,,,,,,,,,optimization_notebook_gurobi
,source_notebook,1562,ac96d8a88ac4c8746300a809407f624e1e3c1938252f0aa6dd735b54a9e856ae,"{""bytes"":null,""path"":""Intro-Math-Programming/baseText/optimization/optimization-examples/bakery_production_pulp.ipynb"",""present"":false,""sha256"":null}","{""authority_witness_path"":""source/Intro-Math-Programming/baseText/optimization/optimization-examples/bakery_production_pulp.ipynb"",""authority_witness_present"":false,""localized_derivative_path"":null,""localized_derivative_present"":false}",authority_original_pruned_from_target_and_current_public_source_package; frozen_authority_only,,false,,jupyter_notebook_json,,,,asset.r017.ch02.notebook.bakery-production.pulp,"{""bytes"":null,""path"":null,""present"":false,""sha256"":null}",artifact.backend.machine-backend-evidence,,"{""disposition"":""no_item_level_o018_pyomo_highs_mapping"",""mapping_role"":""r017_authority_witness_only"",""mapping_unit_ids"":[],""pyomo_highs_applicability"":""not_mapped"",""runtime_dependency_ids"":[],""scope_note"":""The current O018 inventory does not claim a Pyomo+HiGHS replacement for this exact witness; it remains frozen R017 authority evidence only.""}",open_source_python_pulp_solver_workflow,false,2026-08-23T00:00:00+02:00,,,,codex-r017-o018-id-production,rights.r017.code,,external_runtime_not_frozen_or_shipped_for_this_witness,,"[""Python"",""Jupyter"",""PuLP"",""PuLP solver backend""]",[],interlanguage.asset,0.1.0,1562,ac96d8a88ac4c8746300a809407f624e1e3c1938252f0aa6dd735b54a9e856ae,,Intro-Math-Programming/baseText/optimization/optimization-examples/bakery_production_pulp.ipynb,authority_frozen_target_pruned,,,,,,,,,optimization_notebook_pulp
,source_notebook,3384,637cda37ae7d021c6f2a9bc7f08415fee2c5dbfcf8f8028c220ba087ebdb37e0,"{""bytes"":null,""path"":""Intro-Math-Programming/baseText/optimization/optimization-examples/diet_problem_next_gurobi.ipynb"",""present"":false,""sha256"":null}","{""authority_witness_path"":""source/Intro-Math-Programming/baseText/optimization/optimization-examples/diet_problem_next_gurobi.ipynb"",""authority_witness_present"":false,""localized_derivative_path"":null,""localized_derivative_present"":false}",authority_original_pruned_from_target_and_current_public_source_package; frozen_authority_only,,false,,jupyter_notebook_json,,,,asset.r017.ch02.notebook.diet-problem-next.gurobi,"{""bytes"":null,""path"":null,""present"":false,""sha256"":null}",artifact.backend.machine-backend-evidence,,"{""disposition"":""no_item_level_o018_pyomo_highs_mapping"",""mapping_role"":""r017_authority_witness_only"",""mapping_unit_ids"":[],""pyomo_highs_applicability"":""not_mapped"",""runtime_dependency_ids"":[],""scope_note"":""The current O018 inventory does not claim a Pyomo+HiGHS replacement for this exact witness; it remains frozen R017 authority evidence only.""}",python_notebook_requiring_proprietary_gurobi_runtime_and_license,true,2026-08-23T00:00:00+02:00,,,,codex-r017-o018-id-production,rights.r017.code,,external_proprietary_runtime_not_shipped,,"[""Python"",""Jupyter"",""gurobipy/Gurobi""]","[""dependency.gurobi""]",interlanguage.asset,0.1.0,3384,637cda37ae7d021c6f2a9bc7f08415fee2c5dbfcf8f8028c220ba087ebdb37e0,,Intro-Math-Programming/baseText/optimization/optimization-examples/diet_problem_next_gurobi.ipynb,authority_frozen_target_pruned,,,,,,,,,optimization_notebook_gurobi
,source_notebook,3086,07e7c2c6e92307a9aa84d37879119b247587ce741782d703748d428d7f6c372a,"{""bytes"":null,""path"":""Intro-Math-Programming/baseText/optimization/optimization-examples/diet_problem_next_pulp.ipynb"",""present"":false,""sha256"":null}","{""authority_witness_path"":""source/Intro-Math-Programming/baseText/optimization/optimization-examples/diet_problem_next_pulp.ipynb"",""authority_witness_present"":false,""localized_derivative_path"":null,""localized_derivative_present"":false}",authority_original_pruned_from_target_and_current_public_source_package; frozen_authority_only,,false,,jupyter_notebook_json,,,,asset.r017.ch02.notebook.diet-problem-next.pulp,"{""bytes"":null,""path"":null,""present"":false,""sha256"":null}",artifact.backend.machine-backend-evidence,,"{""disposition"":""no_item_level_o018_pyomo_highs_mapping"",""mapping_role"":""r017_authority_witness_only"",""mapping_unit_ids"":[],""pyomo_highs_applicability"":""not_mapped"",""runtime_dependency_ids"":[],""scope_note"":""The current O018 inventory does not claim a Pyomo+HiGHS replacement for this exact witness; it remains frozen R017 authority evidence only.""}",open_source_python_pulp_solver_workflow,false,2026-08-23T00:00:00+02:00,,,,codex-r017-o018-id-production,rights.r017.code,,external_runtime_not_frozen_or_shipped_for_this_witness,,"[""Python"",""Jupyter"",""PuLP"",""PuLP solver backend""]",[],interlanguage.asset,0.1.0,3086,07e7c2c6e92307a9aa84d37879119b247587ce741782d703748d428d7f6c372a,,Intro-Math-Programming/baseText/optimization/optimization-examples/diet_problem_next_pulp.ipynb,authority_frozen_target_pruned,,,,,,,,,optimization_notebook_pulp
,source_notebook,4139,df70450b48eafc1f031d70dfca48a2507eca6f9ca8439103b2224fbc79e9aa45,"{""bytes"":null,""path"":""Intro-Math-Programming/baseText/optimization/optimization-examples/diet_problem_gurobi.ipynb"",""present"":false,""sha256"":null}","{""authority_witness_path"":""source/Intro-Math-Programming/baseText/optimization/optimization-examples/diet_problem_gurobi.ipynb"",""authority_witness_present"":false,""localized_derivative_path"":null,""localized_derivative_present"":false}",authority_original_pruned_from_target_and_current_public_source_package; frozen_authority_only,,false,,jupyter_notebook_json,,,,asset.r017.ch02.notebook.diet-problem.gurobi,"{""bytes"":null,""path"":null,""present"":false,""sha256"":null}",artifact.backend.machine-backend-evidence,,"{""disposition"":""no_item_level_o018_pyomo_highs_mapping"",""mapping_role"":""r017_authority_witness_only"",""mapping_unit_ids"":[],""pyomo_highs_applicability"":""not_mapped"",""runtime_dependency_ids"":[],""scope_note"":""The current O018 inventory does not claim a Pyomo+HiGHS replacement for this exact witness; it remains frozen R017 authority evidence only.""}",python_notebook_requiring_proprietary_gurobi_runtime_and_license,true,2026-08-23T00:00:00+02:00,,,,codex-r017-o018-id-production,rights.r017.code,,external_proprietary_runtime_not_shipped,,"[""Python"",""Jupyter"",""gurobipy/Gurobi""]","[""dependency.gurobi""]",interlanguage.asset,0.1.0,4139,df70450b48eafc1f031d70dfca48a2507eca6f9ca8439103b2224fbc79e9aa45,,Intro-Math-Programming/baseText/optimization/optimization-examples/diet_problem_gurobi.ipynb,authority_frozen_target_pruned,,,,,,,,,optimization_notebook_gurobi
,source_notebook,6244,4a1b15c1a45a18e61c54396f0b09cfb367fabf7e8d1de2d5fe9245ef942e6b0d,"{""bytes"":null,""path"":""Intro-Math-Programming/baseText/optimization/optimization-examples/diet_problem_pulp.ipynb"",""present"":false,""sha256"":null}","{""authority_witness_path"":""source/Intro-Math-Programming/baseText/optimization/optimization-examples/diet_problem_pulp.ipynb"",""authority_witness_present"":false,""localized_derivative_path"":null,""localized_derivative_present"":false}",authority_original_pruned_from_target_and_current_public_source_package; frozen_authority_only,,false,,jupyter_notebook_json,,,,asset.r017.ch02.notebook.diet-problem.pulp,"{""bytes"":null,""path"":null,""present"":false,""sha256"":null}",artifact.backend.machine-backend-evidence,,"{""disposition"":""no_item_level_o018_pyomo_highs_mapping"",""mapping_role"":""r017_authority_witness_only"",""mapping_unit_ids"":[],""pyomo_highs_applicability"":""not_mapped"",""runtime_dependency_ids"":[],""scope_note"":""The current O018 inventory does not claim a Pyomo+HiGHS replacement for this exact witness; it remains frozen R017 authority evidence only.""}",open_source_python_pulp_solver_workflow,false,2026-08-23T00:00:00+02:00,,,,codex-r017-o018-id-production,rights.r017.code,,external_runtime_not_frozen_or_shipped_for_this_witness,,"[""Python"",""Jupyter"",""PuLP"",""PuLP solver backend""]",[],interlanguage.asset,0.1.0,6244,4a1b15c1a45a18e61c54396f0b09cfb367fabf7e8d1de2d5fe9245ef942e6b0d,,Intro-Math-Programming/baseText/optimization/optimization-examples/diet_problem_pulp.ipynb,authority_frozen_target_pruned,,,,,,,,,optimization_notebook_pulp
,source_notebook,3146,2b09207f04efac658de97df2fce19ddfb37ab8150f75a50d5e290bbbf1de957a,"{""bytes"":null,""path"":""Intro-Math-Programming/baseText/optimization/optimization-examples/knapsack-capital-allocation-gurobi.ipynb"",""present"":false,""sha256"":null}","{""authority_witness_path"":""source/Intro-Math-Programming/baseText/optimization/optimization-examples/knapsack-capital-allocation-gurobi.ipynb"",""authority_witness_present"":false,""localized_derivative_path"":null,""localized_derivative_present"":false}",authority_original_pruned_from_target_and_current_public_source_package; frozen_authority_only,,false,,jupyter_notebook_json,,,,asset.r017.ch02.notebook.knapsack-capital-allocation.gurobi,"{""bytes"":null,""path"":null,""present"":false,""sha256"":null}",artifact.backend.machine-backend-evidence,,"{""disposition"":""no_item_level_o018_pyomo_highs_mapping"",""mapping_role"":""r017_authority_witness_only"",""mapping_unit_ids"":[],""pyomo_highs_applicability"":""not_mapped"",""runtime_dependency_ids"":[],""scope_note"":""The current O018 inventory does not claim a Pyomo+HiGHS replacement for this exact witness; it remains frozen R017 authority evidence only.""}",python_notebook_requiring_proprietary_gurobi_runtime_and_license,true,2026-08-23T00:00:00+02:00,,,,codex-r017-o018-id-production,rights.r017.code,,external_proprietary_runtime_not_shipped,,"[""Python"",""Jupyter"",""gurobipy/Gurobi""]","[""dependency.gurobi""]",interlanguage.asset,0.1.0,3146,2b09207f04efac658de97df2fce19ddfb37ab8150f75a50d5e290bbbf1de957a,,Intro-Math-Programming/baseText/optimization/optimization-examples/knapsack-capital-allocation-gurobi.ipynb,authority_frozen_target_pruned,,,,,,,,,optimization_notebook_gurobi
,source_notebook,5302,1b2ddcf91609988eed236f3136c75c855f67d074d6b418e1ac1a6744817fbe23,"{""bytes"":null,""path"":""Intro-Math-Programming/baseText/optimization/optimization-examples/knapsack-capital-allocation-pulp.ipynb"",""present"":false,""sha256"":null}","{""authority_witness_path"":""source/Intro-Math-Programming/baseText/optimization/optimization-examples/knapsack-capital-allocation-pulp.ipynb"",""authority_witness_present"":false,""localized_derivative_path"":null,""localized_derivative_present"":false}",authority_original_pruned_from_target_and_current_public_source_package; frozen_authority_only,,false,,jupyter_notebook_json,,,,asset.r017.ch02.notebook.knapsack-capital-allocation.pulp,"{""bytes"":null,""path"":null,""present"":false,""sha256"":null}",artifact.backend.machine-backend-evidence,,"{""disposition"":""no_item_level_o018_pyomo_highs_mapping"",""mapping_role"":""r017_authority_witness_only"",""mapping_unit_ids"":[],""pyomo_highs_applicability"":""not_mapped"",""runtime_dependency_ids"":[],""scope_note"":""The current O018 inventory does not claim a Pyomo+HiGHS replacement for this exact witness; it remains frozen R017 authority evidence only.""}",open_source_python_pulp_solver_workflow,false,2026-08-23T00:00:00+02:00,,,,codex-r017-o018-id-production,rights.r017.code,,external_runtime_not_frozen_or_shipped_for_this_witness,,"[""Python"",""Jupyter"",""PuLP"",""PuLP solver backend""]",[],interlanguage.asset,0.1.0,5302,1b2ddcf91609988eed236f3136c75c855f67d074d6b418e1ac1a6744817fbe23,,Intro-Math-Programming/baseText/optimization/optimization-examples/knapsack-capital-allocation-pulp.ipynb,authority_frozen_target_pruned,,,,,,,,,optimization_notebook_pulp
,source_notebook,3222,0f9964b2e327119f81640518eaf5d0ef067b5b1cd8f1a68aded67184b6f073fc,"{""bytes"":null,""path"":""Intro-Math-Programming/baseText/optimization/optimization-examples/knapsack-three-two-one-gurobi.ipynb"",""present"":false,""sha256"":null}","{""authority_witness_path"":""source/Intro-Math-Programming/baseText/optimization/optimization-examples/knapsack-three-two-one-gurobi.ipynb"",""authority_witness_present"":false,""localized_derivative_path"":null,""localized_derivative_present"":false}",authority_original_pruned_from_target_and_current_public_source_package; frozen_authority_only,,false,,jupyter_notebook_json,,,,asset.r017.ch02.notebook.knapsack-three-two-one.gurobi,"{""bytes"":null,""path"":null,""present"":false,""sha256"":null}",artifact.backend.machine-backend-evidence,,"{""disposition"":""no_item_level_o018_pyomo_highs_mapping"",""mapping_role"":""r017_authority_witness_only"",""mapping_unit_ids"":[],""pyomo_highs_applicability"":""not_mapped"",""runtime_dependency_ids"":[],""scope_note"":""The current O018 inventory does not claim a Pyomo+HiGHS replacement for this exact witness; it remains frozen R017 authority evidence only.""}",python_notebook_requiring_proprietary_gurobi_runtime_and_license,true,2026-08-23T00:00:00+02:00,,,,codex-r017-o018-id-production,rights.r017.code,,external_proprietary_runtime_not_shipped,,"[""Python"",""Jupyter"",""gurobipy/Gurobi""]","[""dependency.gurobi""]",interlanguage.asset,0.1.0,3222,0f9964b2e327119f81640518eaf5d0ef067b5b1cd8f1a68aded67184b6f073fc,,Intro-Math-Programming/baseText/optimization/optimization-examples/knapsack-three-two-one-gurobi.ipynb,authority_frozen_target_pruned,,,,,,,,,optimization_notebook_gurobi
,source_notebook,5991,dc5054db069c3ec0ea3c31f45e5693b5bbf6d4a0891e4077fed180465adbcaee,"{""bytes"":null,""path"":""Intro-Math-Programming/baseText/optimization/optimization-examples/knapsack-three-two-one-pulp.ipynb"",""present"":false,""sha256"":null}","{""authority_witness_path"":""source/Intro-Math-Programming/baseText/optimization/optimization-examples/knapsack-three-two-one-pulp.ipynb"",""authority_witness_present"":false,""localized_derivative_path"":null,""localized_derivative_present"":false}",authority_original_pruned_from_target_and_current_public_source_package; frozen_authority_only,,false,,jupyter_notebook_json,,,,asset.r017.ch02.notebook.knapsack-three-two-one.pulp,"{""bytes"":null,""path"":null,""present"":false,""sha256"":null}",artifact.backend.machine-backend-evidence,,"{""disposition"":""no_item_level_o018_pyomo_highs_mapping"",""mapping_role"":""r017_authority_witness_only"",""mapping_unit_ids"":[],""pyomo_highs_applicability"":""not_mapped"",""runtime_dependency_ids"":[],""scope_note"":""The current O018 inventory does not claim a Pyomo+HiGHS replacement for this exact witness; it remains frozen R017 authority evidence only.""}",open_source_python_pulp_solver_workflow,false,2026-08-23T00:00:00+02:00,,,,codex-r017-o018-id-production,rights.r017.code,,external_runtime_not_frozen_or_shipped_for_this_witness,,"[""Python"",""Jupyter"",""PuLP"",""PuLP solver backend""]",[],interlanguage.asset,0.1.0,5991,dc5054db069c3ec0ea3c31f45e5693b5bbf6d4a0891e4077fed180465adbcaee,,Intro-Math-Programming/baseText/optimization/optimization-examples/knapsack-three-two-one-pulp.ipynb,authority_frozen_target_pruned,,,,,,,,,optimization_notebook_pulp
,source_notebook,924,9ddb70d8c48d7f1ecbf725187c2ec3185103284a3d0166465a2a2799d034d98d,"{""bytes"":null,""path"":""Intro-Math-Programming/baseText/optimization/optimization-examples/knapsack_gurobi.ipynb"",""present"":false,""sha256"":null}","{""authority_witness_path"":""source/Intro-Math-Programming/baseText/optimization/optimization-examples/knapsack_gurobi.ipynb"",""authority_witness_present"":false,""localized_derivative_path"":null,""localized_derivative_present"":false}",authority_original_pruned_from_target_and_current_public_source_package; frozen_authority_only,,false,,jupyter_notebook_json,,,,asset.r017.ch02.notebook.knapsack.gurobi,"{""bytes"":null,""path"":null,""present"":false,""sha256"":null}",artifact.backend.machine-backend-evidence,,"{""disposition"":""no_item_level_o018_pyomo_highs_mapping"",""mapping_role"":""r017_authority_witness_only"",""mapping_unit_ids"":[],""pyomo_highs_applicability"":""not_mapped"",""runtime_dependency_ids"":[],""scope_note"":""The current O018 inventory does not claim a Pyomo+HiGHS replacement for this exact witness; it remains frozen R017 authority evidence only.""}",python_notebook_requiring_proprietary_gurobi_runtime_and_license,true,2026-08-23T00:00:00+02:00,,,,codex-r017-o018-id-production,rights.r017.code,,external_proprietary_runtime_not_shipped,,"[""Python"",""Jupyter"",""gurobipy/Gurobi""]","[""dependency.gurobi""]",interlanguage.asset,0.1.0,924,9ddb70d8c48d7f1ecbf725187c2ec3185103284a3d0166465a2a2799d034d98d,,Intro-Math-Programming/baseText/optimization/optimization-examples/knapsack_gurobi.ipynb,authority_frozen_target_pruned,,,,,,,,,optimization_notebook_gurobi
,source_notebook,1030,1c6bf0018f894d39f440c7b4ca9e18ddc8395c6e415ffa10c4882f849193a8d1,"{""bytes"":null,""path"":""Intro-Math-Programming/baseText/optimization/optimization-examples/knapsack_pulp.ipynb"",""present"":false,""sha256"":null}","{""authority_witness_path"":""source/Intro-Math-Programming/baseText/optimization/optimization-examples/knapsack_pulp.ipynb"",""authority_witness_present"":false,""localized_derivative_path"":null,""localized_derivative_present"":false}",authority_original_pruned_from_target_and_current_public_source_package; frozen_authority_only,,false,,jupyter_notebook_json,,,,asset.r017.ch02.notebook.knapsack.pulp,"{""bytes"":null,""path"":null,""present"":false,""sha256"":null}",artifact.backend.machine-backend-evidence,,"{""disposition"":""no_item_level_o018_pyomo_highs_mapping"",""mapping_role"":""r017_authority_witness_only"",""mapping_unit_ids"":[],""pyomo_highs_applicability"":""not_mapped"",""runtime_dependency_ids"":[],""scope_note"":""The current O018 inventory does not claim a Pyomo+HiGHS replacement for this exact witness; it remains frozen R017 authority evidence only.""}",open_source_python_pulp_solver_workflow,false,2026-08-23T00:00:00+02:00,,,,codex-r017-o018-id-production,rights.r017.code,,external_runtime_not_frozen_or_shipped_for_this_witness,,"[""Python"",""Jupyter"",""PuLP"",""PuLP solver backend""]",[],interlanguage.asset,0.1.0,1030,1c6bf0018f894d39f440c7b4ca9e18ddc8395c6e415ffa10c4882f849193a8d1,,Intro-Math-Programming/baseText/optimization/optimization-examples/knapsack_pulp.ipynb,authority_frozen_target_pruned,,,,,,,,,optimization_notebook_pulp
,source_notebook,1006,ab8d3914092ab1f54e50cf1bed0d4273f63573a80b4c648818404ca51d43d0ad,"{""bytes"":null,""path"":""Intro-Math-Programming/baseText/optimization/optimization-examples/min_coins_gurobi.ipynb"",""present"":false,""sha256"":null}","{""authority_witness_path"":""source/Intro-Math-Programming/baseText/optimization/optimization-examples/min_coins_gurobi.ipynb"",""authority_witness_present"":false,""localized_derivative_path"":null,""localized_derivative_present"":false}",authority_original_pruned_from_target_and_current_public_source_package; frozen_authority_only,,false,,jupyter_notebook_json,,,,asset.r017.ch02.notebook.min-coins.gurobi,"{""bytes"":null,""path"":null,""present"":false,""sha256"":null}",artifact.backend.machine-backend-evidence,,"{""disposition"":""no_item_level_o018_pyomo_highs_mapping"",""mapping_role"":""r017_authority_witness_only"",""mapping_unit_ids"":[],""pyomo_highs_applicability"":""not_mapped"",""runtime_dependency_ids"":[],""scope_note"":""The current O018 inventory does not claim a Pyomo+HiGHS replacement for this exact witness; it remains frozen R017 authority evidence only.""}",python_notebook_requiring_proprietary_gurobi_runtime_and_license,true,2026-08-23T00:00:00+02:00,,,,codex-r017-o018-id-production,rights.r017.code,,external_proprietary_runtime_not_shipped,,"[""Python"",""Jupyter"",""gurobipy/Gurobi""]","[""dependency.gurobi""]",interlanguage.asset,0.1.0,1006,ab8d3914092ab1f54e50cf1bed0d4273f63573a80b4c648818404ca51d43d0ad,,Intro-Math-Programming/baseText/optimization/optimization-examples/min_coins_gurobi.ipynb,authority_frozen_target_pruned,,,,,,,,,optimization_notebook_gurobi
,source_notebook,1111,91b1f1fbcff915ffc9cca9a9d7eb328082a906b7625461242965e52ff8a42257,"{""bytes"":null,""path"":""Intro-Math-Programming/baseText/optimization/optimization-examples/min_coins_pulp.ipynb"",""present"":false,""sha256"":null}","{""authority_witness_path"":""source/Intro-Math-Programming/baseText/optimization/optimization-examples/min_coins_pulp.ipynb"",""authority_witness_present"":false,""localized_derivative_path"":null,""localized_derivative_present"":false}",authority_original_pruned_from_target_and_current_public_source_package; frozen_authority_only,,false,,jupyter_notebook_json,,,,asset.r017.ch02.notebook.min-coins.pulp,"{""bytes"":null,""path"":null,""present"":false,""sha256"":null}",artifact.backend.machine-backend-evidence,,"{""disposition"":""no_item_level_o018_pyomo_highs_mapping"",""mapping_role"":""r017_authority_witness_only"",""mapping_unit_ids"":[],""pyomo_highs_applicability"":""not_mapped"",""runtime_dependency_ids"":[],""scope_note"":""The current O018 inventory does not claim a Pyomo+HiGHS replacement for this exact witness; it remains frozen R017 authority evidence only.""}",open_source_python_pulp_solver_workflow,false,2026-08-23T00:00:00+02:00,,,,codex-r017-o018-id-production,rights.r017.code,,external_runtime_not_frozen_or_shipped_for_this_witness,,"[""Python"",""Jupyter"",""PuLP"",""PuLP solver backend""]",[],interlanguage.asset,0.1.0,1111,91b1f1fbcff915ffc9cca9a9d7eb328082a906b7625461242965e52ff8a42257,,Intro-Math-Programming/baseText/optimization/optimization-examples/min_coins_pulp.ipynb,authority_frozen_target_pruned,,,,,,,,,optimization_notebook_pulp
,source_notebook,1210,bfc859ec083e28bd122c58e52ad3d5153ddea94b512af285f2b18eb5cf01f436,"{""bytes"":null,""path"":""Intro-Math-Programming/baseText/optimization/optimization-examples/production_planning_gurobi.ipynb"",""present"":false,""sha256"":null}","{""authority_witness_path"":""source/Intro-Math-Programming/baseText/optimization/optimization-examples/production_planning_gurobi.ipynb"",""authority_witness_present"":false,""localized_derivative_path"":null,""localized_derivative_present"":false}",authority_original_pruned_from_target_and_current_public_source_package; frozen_authority_only,,false,,jupyter_notebook_json,,,,asset.r017.ch02.notebook.production-planning.gurobi,"{""bytes"":null,""path"":null,""present"":false,""sha256"":null}",artifact.backend.machine-backend-evidence,,"{""disposition"":""no_item_level_o018_pyomo_highs_mapping"",""mapping_role"":""r017_authority_witness_only"",""mapping_unit_ids"":[],""pyomo_highs_applicability"":""not_mapped"",""runtime_dependency_ids"":[],""scope_note"":""The current O018 inventory does not claim a Pyomo+HiGHS replacement for this exact witness; it remains frozen R017 authority evidence only.""}",python_notebook_requiring_proprietary_gurobi_runtime_and_license,true,2026-08-23T00:00:00+02:00,,,,codex-r017-o018-id-production,rights.r017.code,,external_proprietary_runtime_not_shipped,,"[""Python"",""Jupyter"",""gurobipy/Gurobi""]","[""dependency.gurobi""]",interlanguage.asset,0.1.0,1210,bfc859ec083e28bd122c58e52ad3d5153ddea94b512af285f2b18eb5cf01f436,,Intro-Math-Programming/baseText/optimization/optimization-examples/production_planning_gurobi.ipynb,authority_frozen_target_pruned,,,,,,,,,optimization_notebook_gurobi
,source_notebook,1361,3b59d56617731c4881eaa9bbbe1770dfa1cbade520b212093ec2174b4dda351f,"{""bytes"":null,""path"":""Intro-Math-Programming/baseText/optimization/optimization-examples/production_planning_pulp.ipynb"",""present"":false,""sha256"":null}","{""authority_witness_path"":""source/Intro-Math-Programming/baseText/optimization/optimization-examples/production_planning_pulp.ipynb"",""authority_witness_present"":false,""localized_derivative_path"":null,""localized_derivative_present"":false}",authority_original_pruned_from_target_and_current_public_source_package; frozen_authority_only,,false,,jupyter_notebook_json,,,,asset.r017.ch02.notebook.production-planning.pulp,"{""bytes"":null,""path"":null,""present"":false,""sha256"":null}",artifact.backend.machine-backend-evidence,,"{""disposition"":""no_item_level_o018_pyomo_highs_mapping"",""mapping_role"":""r017_authority_witness_only"",""mapping_unit_ids"":[],""pyomo_highs_applicability"":""not_mapped"",""runtime_dependency_ids"":[],""scope_note"":""The current O018 inventory does not claim a Pyomo+HiGHS replacement for this exact witness; it remains frozen R017 authority evidence only.""}",open_source_python_pulp_solver_workflow,false,2026-08-23T00:00:00+02:00,,,,codex-r017-o018-id-production,rights.r017.code,,external_runtime_not_frozen_or_shipped_for_this_witness,,"[""Python"",""Jupyter"",""PuLP"",""PuLP solver backend""]",[],interlanguage.asset,0.1.0,1361,3b59d56617731c4881eaa9bbbe1770dfa1cbade520b212093ec2174b4dda351f,,Intro-Math-Programming/baseText/optimization/optimization-examples/production_planning_pulp.ipynb,authority_frozen_target_pruned,,,,,,,,,optimization_notebook_pulp
,source_notebook,4514,947458e1c293a22ef28736da92d800812ffb023544fc6ef26643d2da5307cf0b,"{""bytes"":null,""path"":""Intro-Math-Programming/baseText/optimization/optimization-examples/work_scheduling_extended_gurobi.ipynb"",""present"":false,""sha256"":null}","{""authority_witness_path"":""source/Intro-Math-Programming/baseText/optimization/optimization-examples/work_scheduling_extended_gurobi.ipynb"",""authority_witness_present"":false,""localized_derivative_path"":null,""localized_derivative_present"":false}",authority_original_pruned_from_target_and_current_public_source_package; frozen_authority_only,,false,,jupyter_notebook_json,,,,asset.r017.ch02.notebook.work-scheduling-extended.gurobi,"{""bytes"":null,""path"":null,""present"":false,""sha256"":null}",artifact.backend.machine-backend-evidence,,"{""disposition"":""no_item_level_o018_pyomo_highs_mapping"",""mapping_role"":""r017_authority_witness_only"",""mapping_unit_ids"":[],""pyomo_highs_applicability"":""not_mapped"",""runtime_dependency_ids"":[],""scope_note"":""The current O018 inventory does not claim a Pyomo+HiGHS replacement for this exact witness; it remains frozen R017 authority evidence only.""}",python_notebook_requiring_proprietary_gurobi_runtime_and_license,true,2026-08-23T00:00:00+02:00,,,,codex-r017-o018-id-production,rights.r017.code,,external_proprietary_runtime_not_shipped,,"[""Python"",""Jupyter"",""gurobipy/Gurobi""]","[""dependency.gurobi""]",interlanguage.asset,0.1.0,4514,947458e1c293a22ef28736da92d800812ffb023544fc6ef26643d2da5307cf0b,,Intro-Math-Programming/baseText/optimization/optimization-examples/work_scheduling_extended_gurobi.ipynb,authority_frozen_target_pruned,,,,,,,,,optimization_notebook_gurobi
,source_notebook,6885,656b3d2a5c63da718071fd5c2d9b50a5cf00a70e32efcb949100d076b31e2b0e,"{""bytes"":null,""path"":""Intro-Math-Programming/baseText/optimization/optimization-examples/work_scheduling_extended_pulp.ipynb"",""present"":false,""sha256"":null}","{""authority_witness_path"":""source/Intro-Math-Programming/baseText/optimization/optimization-examples/work_scheduling_extended_pulp.ipynb"",""authority_witness_present"":false,""localized_derivative_path"":null,""localized_derivative_present"":false}",authority_original_pruned_from_target_and_current_public_source_package; frozen_authority_only,,false,,jupyter_notebook_json,,,,asset.r017.ch02.notebook.work-scheduling-extended.pulp,"{""bytes"":null,""path"":null,""present"":false,""sha256"":null}",artifact.backend.machine-backend-evidence,,"{""disposition"":""no_item_level_o018_pyomo_highs_mapping"",""mapping_role"":""r017_authority_witness_only"",""mapping_unit_ids"":[],""pyomo_highs_applicability"":""not_mapped"",""runtime_dependency_ids"":[],""scope_note"":""The current O018 inventory does not claim a Pyomo+HiGHS replacement for this exact witness; it remains frozen R017 authority evidence only.""}",open_source_python_pulp_solver_workflow,false,2026-08-23T00:00:00+02:00,,,,codex-r017-o018-id-production,rights.r017.code,,external_runtime_not_frozen_or_shipped_for_this_witness,,"[""Python"",""Jupyter"",""PuLP"",""PuLP solver backend""]",[],interlanguage.asset,0.1.0,6885,656b3d2a5c63da718071fd5c2d9b50a5cf00a70e32efcb949100d076b31e2b0e,,Intro-Math-Programming/baseText/optimization/optimization-examples/work_scheduling_extended_pulp.ipynb,authority_frozen_target_pruned,,,,,,,,,optimization_notebook_pulp
,source_notebook,4121,d5f62ddca350b370f803e9d650bb02cee1aef28e60eeac2fbb0c1b5b80c6c4e3,"{""bytes"":null,""path"":""Intro-Math-Programming/baseText/optimization/optimization-examples/work_scheduling_gurobi.ipynb"",""present"":false,""sha256"":null}","{""authority_witness_path"":""source/Intro-Math-Programming/baseText/optimization/optimization-examples/work_scheduling_gurobi.ipynb"",""authority_witness_present"":false,""localized_derivative_path"":null,""localized_derivative_present"":false}",authority_original_pruned_from_target_and_current_public_source_package; frozen_authority_only,,false,,jupyter_notebook_json,,,,asset.r017.ch02.notebook.work-scheduling.gurobi,"{""bytes"":null,""path"":null,""present"":false,""sha256"":null}",artifact.backend.machine-backend-evidence,,"{""disposition"":""no_item_level_o018_pyomo_highs_mapping"",""mapping_role"":""r017_authority_witness_only"",""mapping_unit_ids"":[],""pyomo_highs_applicability"":""not_mapped"",""runtime_dependency_ids"":[],""scope_note"":""The current O018 inventory does not claim a Pyomo+HiGHS replacement for this exact witness; it remains frozen R017 authority evidence only.""}",python_notebook_requiring_proprietary_gurobi_runtime_and_license,true,2026-08-23T00:00:00+02:00,,,,codex-r017-o018-id-production,rights.r017.code,,external_proprietary_runtime_not_shipped,,"[""Python"",""Jupyter"",""gurobipy/Gurobi""]","[""dependency.gurobi""]",interlanguage.asset,0.1.0,4121,d5f62ddca350b370f803e9d650bb02cee1aef28e60eeac2fbb0c1b5b80c6c4e3,,Intro-Math-Programming/baseText/optimization/optimization-examples/work_scheduling_gurobi.ipynb,authority_frozen_target_pruned,,,,,,,,,optimization_notebook_gurobi
,source_notebook,5371,390d6230d1ce2954ad9f2adc2c456e64495c31a070700e4a9234ead2e137a3ea,"{""bytes"":null,""path"":""Intro-Math-Programming/baseText/optimization/optimization-examples/work_scheduling_pulp.ipynb"",""present"":false,""sha256"":null}","{""authority_witness_path"":""source/Intro-Math-Programming/baseText/optimization/optimization-examples/work_scheduling_pulp.ipynb"",""authority_witness_present"":false,""localized_derivative_path"":null,""localized_derivative_present"":false}",authority_original_pruned_from_target_and_current_public_source_package; frozen_authority_only,,false,,jupyter_notebook_json,,,,asset.r017.ch02.notebook.work-scheduling.pulp,"{""bytes"":null,""path"":null,""present"":false,""sha256"":null}",artifact.backend.machine-backend-evidence,,"{""disposition"":""no_item_level_o018_pyomo_highs_mapping"",""mapping_role"":""r017_authority_witness_only"",""mapping_unit_ids"":[],""pyomo_highs_applicability"":""not_mapped"",""runtime_dependency_ids"":[],""scope_note"":""The current O018 inventory does not claim a Pyomo+HiGHS replacement for this exact witness; it remains frozen R017 authority evidence only.""}",open_source_python_pulp_solver_workflow,false,2026-08-23T00:00:00+02:00,,,,codex-r017-o018-id-production,rights.r017.code,,external_runtime_not_frozen_or_shipped_for_this_witness,,"[""Python"",""Jupyter"",""PuLP"",""PuLP solver backend""]",[],interlanguage.asset,0.1.0,5371,390d6230d1ce2954ad9f2adc2c456e64495c31a070700e4a9234ead2e137a3ea,,Intro-Math-Programming/baseText/optimization/optimization-examples/work_scheduling_pulp.ipynb,authority_frozen_target_pruned,,,,,,,,,optimization_notebook_pulp
,source_xlsx_workbook,5751,1145e5a39bc42b053596f122e54410b7cde36ec039369919355f86a8bb49c46b,"{""bytes"":null,""path"":""Intro-Math-Programming/baseText/optimization/optimization-examples/bakery-production-excel.xlsx"",""present"":false,""sha256"":null}","{""authority_witness_path"":""source/Intro-Math-Programming/baseText/optimization/optimization-examples/bakery-production-excel.xlsx"",""authority_witness_present"":false,""localized_derivative_path"":null,""localized_derivative_present"":false}",authority_original_pruned_from_target_and_current_public_source_package; frozen_authority_only,,false,,openxml_non_macro_xlsx,,,,asset.r017.ch02.workbook.bakery-production,"{""bytes"":null,""path"":null,""present"":false,""sha256"":null}",artifact.backend.machine-backend-evidence,,"{""disposition"":""no_item_level_o018_pyomo_highs_mapping"",""mapping_role"":""r017_authority_witness_only"",""mapping_unit_ids"":[],""pyomo_highs_applicability"":""not_mapped"",""runtime_dependency_ids"":[],""scope_note"":""The current O018 inventory does not claim a Pyomo+HiGHS replacement for this exact witness; it remains frozen R017 authority evidence only.""}",cross-application OOXML file; the R017 operational Excel/Excel Solver workflow is proprietary and external,true,2026-08-23T00:00:00+02:00,,,,codex-r017-o018-id-production,rights.r017.code,,external_proprietary_runtime_not_shipped,,"[""Microsoft Excel"",""Excel Solver where modeled""]","[""dependency.excel""]",interlanguage.asset,0.1.0,5751,1145e5a39bc42b053596f122e54410b7cde36ec039369919355f86a8bb49c46b,,Intro-Math-Programming/baseText/optimization/optimization-examples/bakery-production-excel.xlsx,authority_frozen_target_pruned,,,,,,,,,operational_non_macro_xlsx
,source_xlsx_workbook,12403,35626dbac7ac5d116179e55f8d1a33d586fa98a63d28fcbe1971e07b88b68434,"{""bytes"":null,""path"":""Intro-Math-Programming/baseText/optimization/optimization-examples/capital-allocation-excel.xlsx"",""present"":false,""sha256"":null}","{""authority_witness_path"":""source/Intro-Math-Programming/baseText/optimization/optimization-examples/capital-allocation-excel.xlsx"",""authority_witness_present"":false,""localized_derivative_path"":null,""localized_derivative_present"":false}",authority_original_pruned_from_target_and_current_public_source_package; frozen_authority_only,,false,,openxml_non_macro_xlsx,,,,asset.r017.ch02.workbook.capital-allocation,"{""bytes"":null,""path"":null,""present"":false,""sha256"":null}",artifact.backend.machine-backend-evidence,,"{""disposition"":""no_item_level_o018_pyomo_highs_mapping"",""mapping_role"":""r017_authority_witness_only"",""mapping_unit_ids"":[],""pyomo_highs_applicability"":""not_mapped"",""runtime_dependency_ids"":[],""scope_note"":""The current O018 inventory does not claim a Pyomo+HiGHS replacement for this exact witness; it remains frozen R017 authority evidence only.""}",cross-application OOXML file; the R017 operational Excel/Excel Solver workflow is proprietary and external,true,2026-08-23T00:00:00+02:00,,,,codex-r017-o018-id-production,rights.r017.code,,external_proprietary_runtime_not_shipped,,"[""Microsoft Excel"",""Excel Solver where modeled""]","[""dependency.excel""]",interlanguage.asset,0.1.0,12403,35626dbac7ac5d116179e55f8d1a33d586fa98a63d28fcbe1971e07b88b68434,,Intro-Math-Programming/baseText/optimization/optimization-examples/capital-allocation-excel.xlsx,authority_frozen_target_pruned,,,,,,,,,operational_non_macro_xlsx
,source_xlsx_workbook,12774,6c92f78c3aa31cbdd8bd6d533de27658aa0f89870cf5a1e085c9a0eb028d22ab,"{""bytes"":null,""path"":""Intro-Math-Programming/baseText/optimization/optimization-examples/diet-problem.xlsx"",""present"":false,""sha256"":null}","{""authority_witness_path"":""source/Intro-Math-Programming/baseText/optimization/optimization-examples/diet-problem.xlsx"",""authority_witness_present"":false,""localized_derivative_path"":null,""localized_derivative_present"":false}",authority_original_pruned_from_target_and_current_public_source_package; frozen_authority_only,,false,,openxml_non_macro_xlsx,,,,asset.r017.ch02.workbook.diet-problem,"{""bytes"":null,""path"":null,""present"":false,""sha256"":null}",artifact.backend.machine-backend-evidence,,"{""disposition"":""no_item_level_o018_pyomo_highs_mapping"",""mapping_role"":""r017_authority_witness_only"",""mapping_unit_ids"":[],""pyomo_highs_applicability"":""not_mapped"",""runtime_dependency_ids"":[],""scope_note"":""The current O018 inventory does not claim a Pyomo+HiGHS replacement for this exact witness; it remains frozen R017 authority evidence only.""}",cross-application OOXML file; the R017 operational Excel/Excel Solver workflow is proprietary and external,true,2026-08-23T00:00:00+02:00,,,,codex-r017-o018-id-production,rights.r017.code,,external_proprietary_runtime_not_shipped,,"[""Microsoft Excel"",""Excel Solver where modeled""]","[""dependency.excel""]",interlanguage.asset,0.1.0,12774,6c92f78c3aa31cbdd8bd6d533de27658aa0f89870cf5a1e085c9a0eb028d22ab,,Intro-Math-Programming/baseText/optimization/optimization-examples/diet-problem.xlsx,authority_frozen_target_pruned,,,,,,,,,operational_non_macro_xlsx
,source_xlsx_workbook,13042,b1d753ab3559c1aa11670e1688f8bc1404a13a7a22d6a9ae9a45fb1ba5b2007a,"{""bytes"":null,""path"":""Intro-Math-Programming/baseText/optimization/optimization-examples/diet-problem-next.xlsx"",""present"":false,""sha256"":null}","{""authority_witness_path"":""source/Intro-Math-Programming/baseText/optimization/optimization-examples/diet-problem-next.xlsx"",""authority_witness_present"":false,""localized_derivative_path"":null,""localized_derivative_present"":false}",authority_original_pruned_from_target_and_current_public_source_package; frozen_authority_only,,false,,openxml_non_macro_xlsx,,,,asset.r017.ch02.workbook.diet-problem-next,"{""bytes"":null,""path"":null,""present"":false,""sha256"":null}",artifact.backend.machine-backend-evidence,,"{""disposition"":""no_item_level_o018_pyomo_highs_mapping"",""mapping_role"":""r017_authority_witness_only"",""mapping_unit_ids"":[],""pyomo_highs_applicability"":""not_mapped"",""runtime_dependency_ids"":[],""scope_note"":""The current O018 inventory does not claim a Pyomo+HiGHS replacement for this exact witness; it remains frozen R017 authority evidence only.""}",cross-application OOXML file; the R017 operational Excel/Excel Solver workflow is proprietary and external,true,2026-08-23T00:00:00+02:00,,,,codex-r017-o018-id-production,rights.r017.code,,external_proprietary_runtime_not_shipped,,"[""Microsoft Excel"",""Excel Solver where modeled""]","[""dependency.excel""]",interlanguage.asset,0.1.0,13042,b1d753ab3559c1aa11670e1688f8bc1404a13a7a22d6a9ae9a45fb1ba5b2007a,,Intro-Math-Programming/baseText/optimization/optimization-examples/diet-problem-next.xlsx,authority_frozen_target_pruned,,,,,,,,,operational_non_macro_xlsx
,source_xlsx_workbook,12503,c76f97e6860be696c10abcf8ebf7e1364ac6c2a1b9ffabd12d9927f9a932d5bf,"{""bytes"":null,""path"":""Intro-Math-Programming/baseText/optimization/optimization-examples/knapsack-problem-excel.xlsx"",""present"":false,""sha256"":null}","{""authority_witness_path"":""source/Intro-Math-Programming/baseText/optimization/optimization-examples/knapsack-problem-excel.xlsx"",""authority_witness_present"":false,""localized_derivative_path"":null,""localized_derivative_present"":false}",authority_original_pruned_from_target_and_current_public_source_package; frozen_authority_only,,false,,openxml_non_macro_xlsx,,,,asset.r017.ch02.workbook.knapsack-problem,"{""bytes"":null,""path"":null,""present"":false,""sha256"":null}",artifact.backend.machine-backend-evidence,,"{""disposition"":""no_item_level_o018_pyomo_highs_mapping"",""mapping_role"":""r017_authority_witness_only"",""mapping_unit_ids"":[],""pyomo_highs_applicability"":""not_mapped"",""runtime_dependency_ids"":[],""scope_note"":""The current O018 inventory does not claim a Pyomo+HiGHS replacement for this exact witness; it remains frozen R017 authority evidence only.""}",cross-application OOXML file; the R017 operational Excel/Excel Solver workflow is proprietary and external,true,2026-08-23T00:00:00+02:00,,,,codex-r017-o018-id-production,rights.r017.code,,external_proprietary_runtime_not_shipped,,"[""Microsoft Excel"",""Excel Solver where modeled""]","[""dependency.excel""]",interlanguage.asset,0.1.0,12503,c76f97e6860be696c10abcf8ebf7e1364ac6c2a1b9ffabd12d9927f9a932d5bf,,Intro-Math-Programming/baseText/optimization/optimization-examples/knapsack-problem-excel.xlsx,authority_frozen_target_pruned,,,,,,,,,operational_non_macro_xlsx
,source_xlsx_workbook,12568,2fc84cc01480ccd5663c8e2c3bddce472475dab716e8debfd9d2ba3935971294,"{""bytes"":null,""path"":""Intro-Math-Programming/baseText/optimization/optimization-examples/production-planning-excel.xlsx"",""present"":false,""sha256"":null}","{""authority_witness_path"":""source/Intro-Math-Programming/baseText/optimization/optimization-examples/production-planning-excel.xlsx"",""authority_witness_present"":false,""localized_derivative_path"":null,""localized_derivative_present"":false}",authority_original_pruned_from_target_and_current_public_source_package; frozen_authority_only,,false,,openxml_non_macro_xlsx,,,,asset.r017.ch02.workbook.production-planning,"{""bytes"":null,""path"":null,""present"":false,""sha256"":null}",artifact.backend.machine-backend-evidence,,"{""disposition"":""no_item_level_o018_pyomo_highs_mapping"",""mapping_role"":""r017_authority_witness_only"",""mapping_unit_ids"":[],""pyomo_highs_applicability"":""not_mapped"",""runtime_dependency_ids"":[],""scope_note"":""The current O018 inventory does not claim a Pyomo+HiGHS replacement for this exact witness; it remains frozen R017 authority evidence only.""}",cross-application OOXML file; the R017 operational Excel/Excel Solver workflow is proprietary and external,true,2026-08-23T00:00:00+02:00,,,,codex-r017-o018-id-production,rights.r017.code,,external_proprietary_runtime_not_shipped,,"[""Microsoft Excel"",""Excel Solver where modeled""]","[""dependency.excel""]",interlanguage.asset,0.1.0,12568,2fc84cc01480ccd5663c8e2c3bddce472475dab716e8debfd9d2ba3935971294,,Intro-Math-Programming/baseText/optimization/optimization-examples/production-planning-excel.xlsx,authority_frozen_target_pruned,,,,,,,,,operational_non_macro_xlsx
,source_xlsx_workbook,14983,8ddb66890701226d83a162ea527d9a3268339ddea1ae11af552efac6cbccc84c,"{""bytes"":null,""path"":""Intro-Math-Programming/baseText/optimization/optimization-examples/work_scheduling_excel.xlsx"",""present"":false,""sha256"":null}","{""authority_witness_path"":""source/Intro-Math-Programming/baseText/optimization/optimization-examples/work_scheduling_excel.xlsx"",""authority_witness_present"":false,""localized_derivative_path"":null,""localized_derivative_present"":false}",authority_original_pruned_from_target_and_current_public_source_package; frozen_authority_only,,false,,openxml_non_macro_xlsx,,,,asset.r017.ch02.workbook.work-scheduling,"{""bytes"":null,""path"":null,""present"":false,""sha256"":null}",artifact.backend.machine-backend-evidence,,"{""disposition"":""no_item_level_o018_pyomo_highs_mapping"",""mapping_role"":""r017_authority_witness_only"",""mapping_unit_ids"":[],""pyomo_highs_applicability"":""not_mapped"",""runtime_dependency_ids"":[],""scope_note"":""The current O018 inventory does not claim a Pyomo+HiGHS replacement for this exact witness; it remains frozen R017 authority evidence only.""}",cross-application OOXML file; the R017 operational Excel/Excel Solver workflow is proprietary and external,true,2026-08-23T00:00:00+02:00,,,,codex-r017-o018-id-production,rights.r017.code,,external_proprietary_runtime_not_shipped,,"[""Microsoft Excel"",""Excel Solver where modeled""]","[""dependency.excel""]",interlanguage.asset,0.1.0,14983,8ddb66890701226d83a162ea527d9a3268339ddea1ae11af552efac6cbccc84c,,Intro-Math-Programming/baseText/optimization/optimization-examples/work_scheduling_excel.xlsx,authority_frozen_target_pruned,,,,,,,,,operational_non_macro_xlsx
,source_xlsx_workbook,14335,7e31c6e816ddfc3b3d47fe149c711f656cd304ecc5b1616b11d70e940e053995,"{""bytes"":null,""path"":""Intro-Math-Programming/baseText/optimization/optimization-examples/work_scheduling_excel_extended.xlsx"",""present"":false,""sha256"":null}","{""authority_witness_path"":""source/Intro-Math-Programming/baseText/optimization/optimization-examples/work_scheduling_excel_extended.xlsx"",""authority_witness_present"":false,""localized_derivative_path"":null,""localized_derivative_present"":false}",authority_original_pruned_from_target_and_current_public_source_package; frozen_authority_only,,false,,openxml_non_macro_xlsx,,,,asset.r017.ch02.workbook.work-scheduling-extended,"{""bytes"":null,""path"":null,""present"":false,""sha256"":null}",artifact.backend.machine-backend-evidence,,"{""disposition"":""no_item_level_o018_pyomo_highs_mapping"",""mapping_role"":""r017_authority_witness_only"",""mapping_unit_ids"":[],""pyomo_highs_applicability"":""not_mapped"",""runtime_dependency_ids"":[],""scope_note"":""The current O018 inventory does not claim a Pyomo+HiGHS replacement for this exact witness; it remains frozen R017 authority evidence only.""}",cross-application OOXML file; the R017 operational Excel/Excel Solver workflow is proprietary and external,true,2026-08-23T00:00:00+02:00,,,,codex-r017-o018-id-production,rights.r017.code,,external_proprietary_runtime_not_shipped,,"[""Microsoft Excel"",""Excel Solver where modeled""]","[""dependency.excel""]",interlanguage.asset,0.1.0,14335,7e31c6e816ddfc3b3d47fe149c711f656cd304ecc5b1616b11d70e940e053995,,Intro-Math-Programming/baseText/optimization/optimization-examples/work_scheduling_excel_extended.xlsx,authority_frozen_target_pruned,,,,,,,,,operational_non_macro_xlsx
,figure_jpeg,,,,,,,,,,,,,asset.r017.ch03.figure.answer,,,,,,,2026-08-23T00:00:00+02:00,,,,codex-r017-o018-id-production,rights.r017.content,,,,,,interlanguage.asset,0.1.0,149768,819c223a671b84ad7300f6517231a3a6296322c29f18abad6a6363cf306407dd,,Intro-Math-Programming/baseText/Figures/excel-solver-answer-report.JPG,source_frozen,,149768,819c223a671b84ad7300f6517231a3a6296322c29f18abad6a6363cf306407dd,pass,Intro-Math-Programming/baseText/Figures/excel-solver-answer-report.JPG,,,,
,figure_jpeg,,,,,,,,,,,,,asset.r017.ch03.figure.button,,,,,,,2026-08-23T00:00:00+02:00,,,,codex-r017-o018-id-production,rights.r017.content,,,,,,interlanguage.asset,0.1.0,132845,c6135a5e96abc2ae78469db43f8633a478f847965c09b75c1e9adfddef123b43,,Intro-Math-Programming/baseText/Figures/excel-solver-button.JPG,source_frozen,,132845,c6135a5e96abc2ae78469db43f8633a478f847965c09b75c1e9adfddef123b43,pass,Intro-Math-Programming/baseText/Figures/excel-solver-button.JPG,,,,
,figure_jpeg,,,,,,,,,,,,,asset.r017.ch03.figure.layout,,,,,,,2026-08-23T00:00:00+02:00,,,,codex-r017-o018-id-production,rights.r017.content,,,,,,interlanguage.asset,0.1.0,126845,280c8ce396fd1bcacbc67a1ec6bd50bfce334e0f353e373bfad258e02007ee56,,Intro-Math-Programming/baseText/Figures/excel-solver-layout.JPG,source_frozen,,126845,280c8ce396fd1bcacbc67a1ec6bd50bfce334e0f353e373bfad258e02007ee56,pass,Intro-Math-Programming/baseText/Figures/excel-solver-layout.JPG,,,,
,figure_jpeg,,,,,,,,,,,,,asset.r017.ch03.figure.method,,,,,,,2026-08-23T00:00:00+02:00,,,,codex-r017-o018-id-production,rights.r017.content,,,,,,interlanguage.asset,0.1.0,23901,5309b3a841814d428617b174ca576c5448c366ac85633e3a9fd7e14e4f716944,,Intro-Math-Programming/baseText/Figures/excel-solver-method.JPG,source_frozen,,23901,5309b3a841814d428617b174ca576c5448c366ac85633e3a9fd7e14e4f716944,pass,Intro-Math-Programming/baseText/Figures/excel-solver-method.JPG,,,,
,figure_jpeg,,,,,,,,,,,,,asset.r017.ch03.figure.select,,,,,,,2026-08-23T00:00:00+02:00,,,,codex-r017-o018-id-production,rights.r017.content,,,,,,interlanguage.asset,0.1.0,77126,c1de32b7e857aee618f751068d031100cc2cad714d3bac0121ad99efa7076e78,,Intro-Math-Programming/baseText/Figures/excel-solver-select.JPG,source_frozen,,77126,c1de32b7e857aee618f751068d031100cc2cad714d3bac0121ad99efa7076e78,pass,Intro-Math-Programming/baseText/Figures/excel-solver-select.JPG,,,,
,figure_jpeg,,,,,,,,,,,,,asset.r017.ch03.figure.sensitivity,,,,,,,2026-08-23T00:00:00+02:00,,,,codex-r017-o018-id-production,rights.r017.content,,,,,,interlanguage.asset,0.1.0,124820,891a1ffa20363298b9b5a63fedb7b1945d7b5da4cdd572f102efd3247236a5db,,Intro-Math-Programming/baseText/Figures/excel-solver-sensitivity.JPG,source_frozen,,124820,891a1ffa20363298b9b5a63fedb7b1945d7b5da4cdd572f102efd3247236a5db,pass,Intro-Math-Programming/baseText/Figures/excel-solver-sensitivity.JPG,,,,
,figure_jpeg,,,,,,,,,,,,,asset.r017.ch03.figure.solution,,,,,,,2026-08-23T00:00:00+02:00,,,,codex-r017-o018-id-production,rights.r017.content,,,,,,interlanguage.asset,0.1.0,90475,2604d10dad868017fa7cb54f9b8d731a7200c259155621c1c079fa7205d8b986,,Intro-Math-Programming/baseText/Figures/excel-solver-solution.JPG,source_frozen,,90475,2604d10dad868017fa7cb54f9b8d731a7200c259155621c1c079fa7205d8b986,pass,Intro-Math-Programming/baseText/Figures/excel-solver-solution.JPG,,,,
,figure_jpeg,,,,,,,,,,,,,asset.r017.ch03.figure.solve,,,,,,,2026-08-23T00:00:00+02:00,,,,codex-r017-o018-id-production,rights.r017.content,,,,,,interlanguage.asset,0.1.0,164899,f8fa18eb3b650c29fbd3d0bdf361cff15e99f99f77ba9503b7e893e8b9fa3b79,,Intro-Math-Programming/baseText/Figures/excel-solver-solve.JPG,source_frozen,,164899,f8fa18eb3b650c29fbd3d0bdf361cff15e99f99f77ba9503b7e893e8b9fa3b79,pass,Intro-Math-Programming/baseText/Figures/excel-solver-solve.JPG,,,,
,localized_interactive_source,,,,,present_in_target_tree; public shipment not asserted until release rebuild,,,,,,,,asset.r017.ch03.interactive-excel-solver,,,,,,,2026-08-23T00:00:00+02:00,,,,codex-r017-o018-id-production,rights.r017.code,,,artifact.backend.machine-backend-evidence,,,interlanguage.asset,0.1.0,27166,f9d545b2cf7b595d3bd2a79fe78c9e8229a701a932a3e6c832d9cad0971ea1f2,,visualizations/source/excel_solver_demo.jsx,built,,28407,89f2997de2b97b559a2e7d8180ac3ae6f6bd8436fea5e74d9670653c5bdc71c1,pass,visualizations/source/excel_solver_demo.jsx,,demo_entry_module,,
,source_notebook,1299,2c6b8b787e540679e559338d1b32d1f4ddd3198ffbd6d6ab78a347be7205568d,"{""bytes"":1299,""path"":""Intro-Math-Programming/baseText/optimization/optimization-examples/network_flow_gurobi.ipynb"",""present"":true,""sha256"":""2c6b8b787e540679e559338d1b32d1f4ddd3198ffbd6d6ab78a347be7205568d""}","{""authority_witness_path"":""source/Intro-Math-Programming/baseText/optimization/optimization-examples/network_flow_gurobi.ipynb"",""authority_witness_present"":true,""localized_derivative_path"":null,""localized_derivative_present"":false}",authority_original_present_in_target_and_current_public_source_package,,true,,jupyter_notebook_json,,,,asset.r017.ch03.notebook.network-flow.gurobi,"{""bytes"":null,""path"":null,""present"":false,""sha256"":null}",artifact.backend.machine-backend-evidence,,"{""disposition"":""verified_separately_attributed_pyomo_highs_adaptation"",""mapping_role"":""direct_model_family_witness"",""mapping_unit_ids"":[""unit.o018.lab.ch04.min-cost-flow-warehouses""],""pyomo_highs_applicability"":""applicable"",""runtime_dependency_ids"":[""dependency.pyomo"",""dependency.highs""],""scope_note"":""The warehouse/store minimum-cost-flow adaptation is executable and verified.""}",python_notebook_requiring_proprietary_gurobi_runtime_and_license,true,2026-08-23T00:00:00+02:00,,,,codex-r017-o018-id-production,rights.r017.code,,external_proprietary_runtime_not_shipped,,"[""Python"",""Jupyter"",""gurobipy/Gurobi""]","[""dependency.gurobi""]",interlanguage.asset,0.1.0,1299,2c6b8b787e540679e559338d1b32d1f4ddd3198ffbd6d6ab78a347be7205568d,,Intro-Math-Programming/baseText/optimization/optimization-examples/network_flow_gurobi.ipynb,source_frozen,,1299,2c6b8b787e540679e559338d1b32d1f4ddd3198ffbd6d6ab78a347be7205568d,pass,Intro-Math-Programming/baseText/optimization/optimization-examples/network_flow_gurobi.ipynb,,,,optimization_notebook_gurobi
,source_notebook,1398,7c85eb044edab8aaa77fe66ef25c2a5e9b6f735f9680d9fad2201cbe3d79afd5,"{""bytes"":1398,""path"":""Intro-Math-Programming/baseText/optimization/optimization-examples/network_flow_pulp.ipynb"",""present"":true,""sha256"":""7c85eb044edab8aaa77fe66ef25c2a5e9b6f735f9680d9fad2201cbe3d79afd5""}","{""authority_witness_path"":""source/Intro-Math-Programming/baseText/optimization/optimization-examples/network_flow_pulp.ipynb"",""authority_witness_present"":true,""localized_derivative_path"":null,""localized_derivative_present"":false}",authority_original_present_in_target_and_current_public_source_package,,true,,jupyter_notebook_json,,,,asset.r017.ch03.notebook.network-flow.pulp,"{""bytes"":null,""path"":null,""present"":false,""sha256"":null}",artifact.backend.machine-backend-evidence,,"{""disposition"":""verified_separately_attributed_pyomo_highs_adaptation"",""mapping_role"":""direct_model_family_witness"",""mapping_unit_ids"":[""unit.o018.lab.ch04.min-cost-flow-warehouses""],""pyomo_highs_applicability"":""applicable"",""runtime_dependency_ids"":[""dependency.pyomo"",""dependency.highs""],""scope_note"":""The warehouse/store minimum-cost-flow adaptation is executable and verified.""}",open_source_python_pulp_solver_workflow,false,2026-08-23T00:00:00+02:00,,,,codex-r017-o018-id-production,rights.r017.code,,external_runtime_not_frozen_or_shipped_for_this_witness,,"[""Python"",""Jupyter"",""PuLP"",""PuLP solver backend""]",[],interlanguage.asset,0.1.0,1398,7c85eb044edab8aaa77fe66ef25c2a5e9b6f735f9680d9fad2201cbe3d79afd5,,Intro-Math-Programming/baseText/optimization/optimization-examples/network_flow_pulp.ipynb,source_frozen,,1398,7c85eb044edab8aaa77fe66ef25c2a5e9b6f735f9680d9fad2201cbe3d79afd5,pass,Intro-Math-Programming/baseText/optimization/optimization-examples/network_flow_pulp.ipynb,,,,optimization_notebook_pulp
,source_notebook,1214,fe1a214e66af204caf5815b456e25feba94c783dd8472effe383b8be735b58b9,"{""bytes"":1214,""path"":""Intro-Math-Programming/baseText/optimization/optimization-examples/production_10period_gurobi.ipynb"",""present"":true,""sha256"":""fe1a214e66af204caf5815b456e25feba94c783dd8472effe383b8be735b58b9""}","{""authority_witness_path"":""source/Intro-Math-Programming/baseText/optimization/optimization-examples/production_10period_gurobi.ipynb"",""authority_witness_present"":true,""localized_derivative_path"":null,""localized_derivative_present"":false}",authority_original_present_in_target_and_current_public_source_package,,true,,jupyter_notebook_json,,,,asset.r017.ch03.notebook.production-10period.gurobi,"{""bytes"":null,""path"":null,""present"":false,""sha256"":null}",artifact.backend.machine-backend-evidence,,"{""disposition"":""verified_separately_attributed_pyomo_highs_adaptation"",""mapping_role"":""direct_model_family_witness"",""mapping_unit_ids"":[""unit.o018.lab.ch04.production-10period""],""pyomo_highs_applicability"":""applicable"",""runtime_dependency_ids"":[""dependency.pyomo"",""dependency.highs""],""scope_note"":""The O018 case is executable and verified with maximum violation 0.0.""}",python_notebook_requiring_proprietary_gurobi_runtime_and_license,true,2026-08-23T00:00:00+02:00,,,,codex-r017-o018-id-production,rights.r017.code,,external_proprietary_runtime_not_shipped,,"[""Python"",""Jupyter"",""gurobipy/Gurobi""]","[""dependency.gurobi""]",interlanguage.asset,0.1.0,1214,fe1a214e66af204caf5815b456e25feba94c783dd8472effe383b8be735b58b9,,Intro-Math-Programming/baseText/optimization/optimization-examples/production_10period_gurobi.ipynb,source_frozen,,1214,fe1a214e66af204caf5815b456e25feba94c783dd8472effe383b8be735b58b9,pass,Intro-Math-Programming/baseText/optimization/optimization-examples/production_10period_gurobi.ipynb,,,,optimization_notebook_gurobi
,source_notebook,1487,09dd33a58b4e4b609ba08f65eb60d11ae361f57066763c44f5e37d99d241ce37,"{""bytes"":1487,""path"":""Intro-Math-Programming/baseText/optimization/optimization-examples/production_10period_pulp.ipynb"",""present"":true,""sha256"":""09dd33a58b4e4b609ba08f65eb60d11ae361f57066763c44f5e37d99d241ce37""}","{""authority_witness_path"":""source/Intro-Math-Programming/baseText/optimization/optimization-examples/production_10period_pulp.ipynb"",""authority_witness_present"":true,""localized_derivative_path"":null,""localized_derivative_present"":false}",authority_original_present_in_target_and_current_public_source_package,,true,,jupyter_notebook_json,,,,asset.r017.ch03.notebook.production-10period.pulp,"{""bytes"":null,""path"":null,""present"":false,""sha256"":null}",artifact.backend.machine-backend-evidence,,"{""disposition"":""verified_separately_attributed_pyomo_highs_adaptation"",""mapping_role"":""direct_model_family_witness"",""mapping_unit_ids"":[""unit.o018.lab.ch04.production-10period""],""pyomo_highs_applicability"":""applicable"",""runtime_dependency_ids"":[""dependency.pyomo"",""dependency.highs""],""scope_note"":""The O018 case is executable and verified with maximum violation 0.0.""}",open_source_python_pulp_solver_workflow,false,2026-08-23T00:00:00+02:00,,,,codex-r017-o018-id-production,rights.r017.code,,external_runtime_not_frozen_or_shipped_for_this_witness,,"[""Python"",""Jupyter"",""PuLP"",""PuLP solver backend""]",[],interlanguage.asset,0.1.0,1487,09dd33a58b4e4b609ba08f65eb60d11ae361f57066763c44f5e37d99d241ce37,,Intro-Math-Programming/baseText/optimization/optimization-examples/production_10period_pulp.ipynb,source_frozen,,1487,09dd33a58b4e4b609ba08f65eb60d11ae361f57066763c44f5e37d99d241ce37,pass,Intro-Math-Programming/baseText/optimization/optimization-examples/production_10period_pulp.ipynb,,,,optimization_notebook_pulp
,localized_xlsx_workbook,5545,5af2897be5ad9b96f20adf1846495f8fda24a249189b0fc4911607b956439210,"{""bytes"":5545,""path"":""Intro-Math-Programming/baseText/optimization/optimization-examples/network-flow-excel.xlsx"",""present"":true,""sha256"":""5af2897be5ad9b96f20adf1846495f8fda24a249189b0fc4911607b956439210""}","{""authority_witness_path"":""source/Intro-Math-Programming/baseText/optimization/optimization-examples/network-flow-excel.xlsx"",""authority_witness_present"":true,""localized_derivative_path"":""source/Intro-Math-Programming/baseText/optimization/optimization-examples/network-flow-excel-id-ID.xlsx"",""localized_derivative_present"":true}",authority_original_and_localized_derivative_present_in_target_and_current_public_source_package,,true,,openxml_non_macro_xlsx,,,,asset.r017.ch03.workbook.network-flow.id,"{""bytes"":4448,""path"":""Intro-Math-Programming/baseText/optimization/optimization-examples/network-flow-excel-id-ID.xlsx"",""present"":true,""sha256"":""fb84d85ee70a612b68e5bcba4e262d7f503905ee4c1a30d4c9e7c46760aab50d""}",artifact.backend.machine-backend-evidence,,"{""disposition"":""verified_separately_attributed_pyomo_highs_adaptation"",""mapping_role"":""direct_model_family_witness"",""mapping_unit_ids"":[""unit.o018.lab.ch04.min-cost-flow-warehouses""],""pyomo_highs_applicability"":""applicable"",""runtime_dependency_ids"":[""dependency.pyomo"",""dependency.highs""],""scope_note"":""The warehouse/store minimum-cost-flow adaptation is executable and verified.""}",cross-application OOXML file; the R017 operational Excel/Excel Solver workflow is proprietary and external,true,2026-08-23T00:00:00+02:00,,,,codex-r017-o018-id-production,rights.r017.code,,external_proprietary_runtime_not_shipped,,"[""Microsoft Excel"",""Excel Solver where modeled""]","[""dependency.excel""]",interlanguage.asset,0.1.0,5545,5af2897be5ad9b96f20adf1846495f8fda24a249189b0fc4911607b956439210,,Intro-Math-Programming/baseText/optimization/optimization-examples/network-flow-excel.xlsx,verified,,4448,fb84d85ee70a612b68e5bcba4e262d7f503905ee4c1a30d4c9e7c46760aab50d,pass,Intro-Math-Programming/baseText/optimization/optimization-examples/network-flow-excel-id-ID.xlsx,,,,operational_non_macro_xlsx
,localized_xlsx_workbook,5750,9d80e9a81e0780abdc7ac63791eb5e2bc28bfdddbb15c498515e555b8b8c0f54,"{""bytes"":5750,""path"":""Intro-Math-Programming/baseText/optimization/optimization-examples/production-10period-excel.xlsx"",""present"":true,""sha256"":""9d80e9a81e0780abdc7ac63791eb5e2bc28bfdddbb15c498515e555b8b8c0f54""}","{""authority_witness_path"":""source/Intro-Math-Programming/baseText/optimization/optimization-examples/production-10period-excel.xlsx"",""authority_witness_present"":true,""localized_derivative_path"":""source/Intro-Math-Programming/baseText/optimization/optimization-examples/production-10period-excel-id-ID.xlsx"",""localized_derivative_present"":true}",authority_original_and_localized_derivative_present_in_target_and_current_public_source_package,,true,,openxml_non_macro_xlsx,,,,asset.r017.ch03.workbook.production-10period.id,"{""bytes"":4624,""path"":""Intro-Math-Programming/baseText/optimization/optimization-examples/production-10period-excel-id-ID.xlsx"",""present"":true,""sha256"":""4693bfb6f1471e13a9ed51157ab124d61d95780dd5ee45c59dc0c6f7b96b5e9a""}",artifact.backend.machine-backend-evidence,,"{""disposition"":""verified_separately_attributed_pyomo_highs_adaptation"",""mapping_role"":""direct_model_family_witness"",""mapping_unit_ids"":[""unit.o018.lab.ch04.production-10period""],""pyomo_highs_applicability"":""applicable"",""runtime_dependency_ids"":[""dependency.pyomo"",""dependency.highs""],""scope_note"":""The O018 case is executable and verified with maximum violation 0.0.""}",cross-application OOXML file; the R017 operational Excel/Excel Solver workflow is proprietary and external,true,2026-08-23T00:00:00+02:00,,,,codex-r017-o018-id-production,rights.r017.code,,external_proprietary_runtime_not_shipped,,"[""Microsoft Excel"",""Excel Solver where modeled""]","[""dependency.excel""]",interlanguage.asset,0.1.0,5750,9d80e9a81e0780abdc7ac63791eb5e2bc28bfdddbb15c498515e555b8b8c0f54,,Intro-Math-Programming/baseText/optimization/optimization-examples/production-10period-excel.xlsx,verified,,4624,4693bfb6f1471e13a9ed51157ab124d61d95780dd5ee45c59dc0c6f7b96b5e9a,pass,Intro-Math-Programming/baseText/optimization/optimization-examples/production-10period-excel-id-ID.xlsx,,,,operational_non_macro_xlsx
,localized_xlsx_workbook,9027,faffcca55a110f736107e43f4fe7b60037f9953fb3266442f879560a72b04745,"{""bytes"":9027,""path"":""Intro-Math-Programming/baseText/optimization/optimization-examples/production-planning-data.xlsx"",""present"":true,""sha256"":""faffcca55a110f736107e43f4fe7b60037f9953fb3266442f879560a72b04745""}","{""authority_witness_path"":""source/Intro-Math-Programming/baseText/optimization/optimization-examples/production-planning-data.xlsx"",""authority_witness_present"":true,""localized_derivative_path"":""source/Intro-Math-Programming/baseText/optimization/optimization-examples/production-planning-data-id-ID.xlsx"",""localized_derivative_present"":true}",authority_original_and_localized_derivative_present_in_target_and_current_public_source_package,,true,,openxml_non_macro_xlsx,,,,asset.r017.ch03.workbook.production-data.id,"{""bytes"":3665,""path"":""Intro-Math-Programming/baseText/optimization/optimization-examples/production-planning-data-id-ID.xlsx"",""present"":true,""sha256"":""3b4baa9e9f26653a43a166af24246bceb98881b72bcea55126d9c5ef351ef4ba""}",artifact.backend.machine-backend-evidence,,"{""disposition"":""verified_separately_attributed_pyomo_highs_adaptation"",""mapping_role"":""supporting_parameter_workbook"",""mapping_unit_ids"":[""unit.o018.lab.ch04.production-10period""],""pyomo_highs_applicability"":""applicable"",""runtime_dependency_ids"":[""dependency.pyomo"",""dependency.highs""],""scope_note"":""The workbook is supporting input evidence for the verified ten-period production case.""}",cross-application OOXML file; the R017 operational Excel/Excel Solver workflow is proprietary and external,true,2026-08-23T00:00:00+02:00,,,,codex-r017-o018-id-production,rights.r017.code,,external_proprietary_runtime_not_shipped,,"[""Microsoft Excel"",""Excel Solver where modeled""]","[""dependency.excel""]",interlanguage.asset,0.1.0,9027,faffcca55a110f736107e43f4fe7b60037f9953fb3266442f879560a72b04745,,Intro-Math-Programming/baseText/optimization/optimization-examples/production-planning-data.xlsx,verified,,3665,3b4baa9e9f26653a43a166af24246bceb98881b72bcea55126d9c5ef351ef4ba,pass,Intro-Math-Programming/baseText/optimization/optimization-examples/production-planning-data-id-ID.xlsx,,,,operational_non_macro_xlsx
,source_csv_data,,,,,,,,,,,,,asset.r017.ch04.data.family-apartment-preferences,,,,,,,2026-08-23T00:00:00+02:00,,,,codex-r017-o018-id-production,rights.r017.content,,,,,,interlanguage.asset,0.1.0,583,5c8b873598a57be4d03fc6c47090a88de014de06b4051a9a8aa63901d7cba223,,Intro-Math-Programming/baseText/optimization/optimization-examples/Family-Apartment_Preferences__12_.csv,source_frozen,,,,,,,,,
,source_javascript_dependency,,,,,present_in_target_tree; public shipment not asserted until release rebuild,,,,,,,,asset.r017.ch04.interactive-math-import,,,,,,,2026-08-23T00:00:00+02:00,,,,codex-r017-o018-id-production,rights.r017.code,,,artifact.backend.machine-backend-evidence,,,interlanguage.asset,0.1.0,666,3142bacfe56f7e279302778ea8b29028d796b15ea319eef7efeba6e3e10e4a3b,,visualizations/source/math.jsx,verified,,533,c285197295c484b967f243d58057cff9e894bbd61918f62a6d29e0d32bc5b5d1,pass,visualizations/source/math.jsx,,shared_source_dependency,,
,localized_jsx_interactive,,,,,present_in_target_tree; public shipment not asserted until release rebuild,,,,,,,,asset.r017.ch04.interactive-network-flow,,,,,,,2026-08-23T00:00:00+02:00,,,,codex-r017-o018-id-production,rights.r017.code,,,artifact.backend.machine-backend-evidence,,,interlanguage.asset,0.1.0,29620,ab5b582f5d6c4a5788acedea84ff20dba1cd3021cffcd0c0b48733124eeecb0a,,visualizations/source/network_flow_demo.jsx,verified,,32978,110af1e063e78a0cb26b8abd3f9df2e3201ad8b361756a38314f33d9de6a3c4b,pass,visualizations/source/network_flow_demo.jsx,,demo_entry_module,,
,source_notebook,1084,da708580320a5bbb69751d8ad87b243fe623422cad0bac6df6c6bbac5d8c3eff,"{""bytes"":null,""path"":""Intro-Math-Programming/baseText/optimization/optimization-examples/absolute_value_gurobi.ipynb"",""present"":false,""sha256"":null}","{""authority_witness_path"":""source/Intro-Math-Programming/baseText/optimization/optimization-examples/absolute_value_gurobi.ipynb"",""authority_witness_present"":false,""localized_derivative_path"":null,""localized_derivative_present"":false}",authority_original_pruned_from_target_and_current_public_source_package; frozen_authority_only,,true,,jupyter_notebook_json,,,,asset.r017.ch04.notebook.absolute-value.gurobi,"{""bytes"":null,""path"":null,""present"":false,""sha256"":null}",artifact.backend.machine-backend-evidence,,"{""disposition"":""verified_separately_attributed_pyomo_highs_adaptation"",""mapping_role"":""direct_model_family_witness"",""mapping_unit_ids"":[""unit.o018.lab.ch04.absolute-deviation""],""pyomo_highs_applicability"":""applicable"",""runtime_dependency_ids"":[""dependency.pyomo"",""dependency.highs""],""scope_note"":""The absolute-deviation linearization is executable and verified.""}",python_notebook_requiring_proprietary_gurobi_runtime_and_license,true,2026-08-23T00:00:00+02:00,,,,codex-r017-o018-id-production,rights.r017.code,,external_proprietary_runtime_not_shipped,,"[""Python"",""Jupyter"",""gurobipy/Gurobi""]","[""dependency.gurobi""]",interlanguage.asset,0.1.0,1084,da708580320a5bbb69751d8ad87b243fe623422cad0bac6df6c6bbac5d8c3eff,,Intro-Math-Programming/baseText/optimization/optimization-examples/absolute_value_gurobi.ipynb,source_frozen,,,,,,,,,optimization_notebook_gurobi
,source_notebook,1331,4fb2c1dea82c42caba14a63bd557d8837f7944a2882eb2484beee48f05a423c0,"{""bytes"":null,""path"":""Intro-Math-Programming/baseText/optimization/optimization-examples/absolute_value_pulp.ipynb"",""present"":false,""sha256"":null}","{""authority_witness_path"":""source/Intro-Math-Programming/baseText/optimization/optimization-examples/absolute_value_pulp.ipynb"",""authority_witness_present"":false,""localized_derivative_path"":null,""localized_derivative_present"":false}",authority_original_pruned_from_target_and_current_public_source_package; frozen_authority_only,,true,,jupyter_notebook_json,,,,asset.r017.ch04.notebook.absolute-value.pulp,"{""bytes"":null,""path"":null,""present"":false,""sha256"":null}",artifact.backend.machine-backend-evidence,,"{""disposition"":""verified_separately_attributed_pyomo_highs_adaptation"",""mapping_role"":""direct_model_family_witness"",""mapping_unit_ids"":[""unit.o018.lab.ch04.absolute-deviation""],""pyomo_highs_applicability"":""applicable"",""runtime_dependency_ids"":[""dependency.pyomo"",""dependency.highs""],""scope_note"":""The absolute-deviation linearization is executable and verified.""}",open_source_python_pulp_solver_workflow,false,2026-08-23T00:00:00+02:00,,,,codex-r017-o018-id-production,rights.r017.code,,external_runtime_not_frozen_or_shipped_for_this_witness,,"[""Python"",""Jupyter"",""PuLP"",""PuLP solver backend""]",[],interlanguage.asset,0.1.0,1331,4fb2c1dea82c42caba14a63bd557d8837f7944a2882eb2484beee48f05a423c0,,Intro-Math-Programming/baseText/optimization/optimization-examples/absolute_value_pulp.ipynb,source_frozen,,,,,,,,,optimization_notebook_pulp
,source_notebook,1304,4ede788d9695618b2a156e0138cb8b2edee228c45f69c5aebda2e64f829e3db4,"{""bytes"":null,""path"":""Intro-Math-Programming/baseText/optimization/optimization-examples/airline_maxflow_gurobi.ipynb"",""present"":false,""sha256"":null}","{""authority_witness_path"":""source/Intro-Math-Programming/baseText/optimization/optimization-examples/airline_maxflow_gurobi.ipynb"",""authority_witness_present"":false,""localized_derivative_path"":null,""localized_derivative_present"":false}",authority_original_pruned_from_target_and_current_public_source_package; frozen_authority_only,,true,,jupyter_notebook_json,,,,asset.r017.ch04.notebook.airline-maxflow.gurobi,"{""bytes"":null,""path"":null,""present"":false,""sha256"":null}",artifact.backend.machine-backend-evidence,,"{""disposition"":""verified_corrected_adaptation_with_explicit_witness_divergence"",""mapping_role"":""direct_model_family_witness"",""mapping_unit_ids"":[""unit.o018.lab.ch04.airline-max-flow""],""pyomo_highs_applicability"":""applicable"",""runtime_dependency_ids"":[""dependency.pyomo"",""dependency.highs""],""scope_note"":""The frozen workbook/notebooks encode d->e and objective 9; O018 separately implements the printed/corrected d->t network with objective 12 and records the divergence.""}",python_notebook_requiring_proprietary_gurobi_runtime_and_license,true,2026-08-23T00:00:00+02:00,,,,codex-r017-o018-id-production,rights.r017.code,,external_proprietary_runtime_not_shipped,,"[""Python"",""Jupyter"",""gurobipy/Gurobi""]","[""dependency.gurobi""]",interlanguage.asset,0.1.0,1304,4ede788d9695618b2a156e0138cb8b2edee228c45f69c5aebda2e64f829e3db4,,Intro-Math-Programming/baseText/optimization/optimization-examples/airline_maxflow_gurobi.ipynb,source_frozen,,,,,,,,,optimization_notebook_gurobi
,source_notebook,1354,f9ba8ba0cfac56393ec8cf5c42a47c0466db179da3eaa80a532cf19ce3336fca,"{""bytes"":null,""path"":""Intro-Math-Programming/baseText/optimization/optimization-examples/airline_maxflow_pulp.ipynb"",""present"":false,""sha256"":null}","{""authority_witness_path"":""source/Intro-Math-Programming/baseText/optimization/optimization-examples/airline_maxflow_pulp.ipynb"",""authority_witness_present"":false,""localized_derivative_path"":null,""localized_derivative_present"":false}",authority_original_pruned_from_target_and_current_public_source_package; frozen_authority_only,,true,,jupyter_notebook_json,,,,asset.r017.ch04.notebook.airline-maxflow.pulp,"{""bytes"":null,""path"":null,""present"":false,""sha256"":null}",artifact.backend.machine-backend-evidence,,"{""disposition"":""verified_corrected_adaptation_with_explicit_witness_divergence"",""mapping_role"":""direct_model_family_witness"",""mapping_unit_ids"":[""unit.o018.lab.ch04.airline-max-flow""],""pyomo_highs_applicability"":""applicable"",""runtime_dependency_ids"":[""dependency.pyomo"",""dependency.highs""],""scope_note"":""The frozen workbook/notebooks encode d->e and objective 9; O018 separately implements the printed/corrected d->t network with objective 12 and records the divergence.""}",open_source_python_pulp_solver_workflow,false,2026-08-23T00:00:00+02:00,,,,codex-r017-o018-id-production,rights.r017.code,,external_runtime_not_frozen_or_shipped_for_this_witness,,"[""Python"",""Jupyter"",""PuLP"",""PuLP solver backend""]",[],interlanguage.asset,0.1.0,1354,f9ba8ba0cfac56393ec8cf5c42a47c0466db179da3eaa80a532cf19ce3336fca,,Intro-Math-Programming/baseText/optimization/optimization-examples/airline_maxflow_pulp.ipynb,source_frozen,,,,,,,,,optimization_notebook_pulp
,source_notebook,1293,9234ac83f4a31332b2e726c9df8ec56e020e9ceeb4961d4acde32db02333f722,"{""bytes"":null,""path"":""Intro-Math-Programming/baseText/optimization/optimization-examples/assignment_problem_gurobi.ipynb"",""present"":false,""sha256"":null}","{""authority_witness_path"":""source/Intro-Math-Programming/baseText/optimization/optimization-examples/assignment_problem_gurobi.ipynb"",""authority_witness_present"":false,""localized_derivative_path"":null,""localized_derivative_present"":false}",authority_original_pruned_from_target_and_current_public_source_package; frozen_authority_only,,true,,jupyter_notebook_json,,,,asset.r017.ch04.notebook.assignment-problem.gurobi,"{""bytes"":null,""path"":null,""present"":false,""sha256"":null}",artifact.backend.machine-backend-evidence,,"{""disposition"":""verified_separately_attributed_pyomo_highs_adaptation"",""mapping_role"":""direct_model_family_witness"",""mapping_unit_ids"":[""unit.o018.lab.ch04.assignment-generic""],""pyomo_highs_applicability"":""applicable"",""runtime_dependency_ids"":[""dependency.pyomo"",""dependency.highs""],""scope_note"":""The generic assignment adaptation is executable and verified.""}",python_notebook_requiring_proprietary_gurobi_runtime_and_license,true,2026-08-23T00:00:00+02:00,,,,codex-r017-o018-id-production,rights.r017.code,,external_proprietary_runtime_not_shipped,,"[""Python"",""Jupyter"",""gurobipy/Gurobi""]","[""dependency.gurobi""]",interlanguage.asset,0.1.0,1293,9234ac83f4a31332b2e726c9df8ec56e020e9ceeb4961d4acde32db02333f722,,Intro-Math-Programming/baseText/optimization/optimization-examples/assignment_problem_gurobi.ipynb,source_frozen,,,,,,,,,optimization_notebook_gurobi
,source_notebook,1347,93dc9579b2bbce9cf03fed76ab2c4228548fe926d4e8d845361777f8c8ebe581,"{""bytes"":null,""path"":""Intro-Math-Programming/baseText/optimization/optimization-examples/assignment_problem_pulp.ipynb"",""present"":false,""sha256"":null}","{""authority_witness_path"":""source/Intro-Math-Programming/baseText/optimization/optimization-examples/assignment_problem_pulp.ipynb"",""authority_witness_present"":false,""localized_derivative_path"":null,""localized_derivative_present"":false}",authority_original_pruned_from_target_and_current_public_source_package; frozen_authority_only,,true,,jupyter_notebook_json,,,,asset.r017.ch04.notebook.assignment-problem.pulp,"{""bytes"":null,""path"":null,""present"":false,""sha256"":null}",artifact.backend.machine-backend-evidence,,"{""disposition"":""verified_separately_attributed_pyomo_highs_adaptation"",""mapping_role"":""direct_model_family_witness"",""mapping_unit_ids"":[""unit.o018.lab.ch04.assignment-generic""],""pyomo_highs_applicability"":""applicable"",""runtime_dependency_ids"":[""dependency.pyomo"",""dependency.highs""],""scope_note"":""The generic assignment adaptation is executable and verified.""}",open_source_python_pulp_solver_workflow,false,2026-08-23T00:00:00+02:00,,,,codex-r017-o018-id-production,rights.r017.code,,external_runtime_not_frozen_or_shipped_for_this_witness,,"[""Python"",""Jupyter"",""PuLP"",""PuLP solver backend""]",[],interlanguage.asset,0.1.0,1347,93dc9579b2bbce9cf03fed76ab2c4228548fe926d4e8d845361777f8c8ebe581,,Intro-Math-Programming/baseText/optimization/optimization-examples/assignment_problem_pulp.ipynb,source_frozen,,,,,,,,,optimization_notebook_pulp
,source_notebook,1643,8c4a8a32d5102355313f1b60e3bed035f51a03e9d356a5174154c2615881130b,"{""bytes"":null,""path"":""Intro-Math-Programming/baseText/optimization/optimization-examples/machine_assignment_gurobi.ipynb"",""present"":false,""sha256"":null}","{""authority_witness_path"":""source/Intro-Math-Programming/baseText/optimization/optimization-examples/machine_assignment_gurobi.ipynb"",""authority_witness_present"":false,""localized_derivative_path"":null,""localized_derivative_present"":false}",authority_original_pruned_from_target_and_current_public_source_package; frozen_authority_only,,true,,jupyter_notebook_json,,,,asset.r017.ch04.notebook.machine-assignment.gurobi,"{""bytes"":null,""path"":null,""present"":false,""sha256"":null}",artifact.backend.machine-backend-evidence,,"{""disposition"":""verified_separately_attributed_pyomo_highs_adaptation"",""mapping_role"":""direct_model_family_witness"",""mapping_unit_ids"":[""unit.o018.lab.ch04.assignment-machine""],""pyomo_highs_applicability"":""applicable"",""runtime_dependency_ids"":[""dependency.pyomo"",""dependency.highs""],""scope_note"":""The binary assignment adaptation is executable and verified.""}",python_notebook_requiring_proprietary_gurobi_runtime_and_license,true,2026-08-23T00:00:00+02:00,,,,codex-r017-o018-id-production,rights.r017.code,,external_proprietary_runtime_not_shipped,,"[""Python"",""Jupyter"",""gurobipy/Gurobi""]","[""dependency.gurobi""]",interlanguage.asset,0.1.0,1643,8c4a8a32d5102355313f1b60e3bed035f51a03e9d356a5174154c2615881130b,,Intro-Math-Programming/baseText/optimization/optimization-examples/machine_assignment_gurobi.ipynb,source_frozen,,,,,,,,,optimization_notebook_gurobi
,source_notebook,2024,f0eb419dc86902b100650178f8c4abb3e9bd34ac4ffd8d693049813b99567321,"{""bytes"":null,""path"":""Intro-Math-Programming/baseText/optimization/optimization-examples/machine_assignment_pulp.ipynb"",""present"":false,""sha256"":null}","{""authority_witness_path"":""source/Intro-Math-Programming/baseText/optimization/optimization-examples/machine_assignment_pulp.ipynb"",""authority_witness_present"":false,""localized_derivative_path"":null,""localized_derivative_present"":false}",authority_original_pruned_from_target_and_current_public_source_package; frozen_authority_only,,true,,jupyter_notebook_json,,,,asset.r017.ch04.notebook.machine-assignment.pulp,"{""bytes"":null,""path"":null,""present"":false,""sha256"":null}",artifact.backend.machine-backend-evidence,,"{""disposition"":""verified_separately_attributed_pyomo_highs_adaptation"",""mapping_role"":""direct_model_family_witness"",""mapping_unit_ids"":[""unit.o018.lab.ch04.assignment-machine""],""pyomo_highs_applicability"":""applicable"",""runtime_dependency_ids"":[""dependency.pyomo"",""dependency.highs""],""scope_note"":""The binary assignment adaptation is executable and verified.""}",open_source_python_pulp_solver_workflow,false,2026-08-23T00:00:00+02:00,,,,codex-r017-o018-id-production,rights.r017.code,,external_runtime_not_frozen_or_shipped_for_this_witness,,"[""Python"",""Jupyter"",""PuLP"",""PuLP solver backend""]",[],interlanguage.asset,0.1.0,2024,f0eb419dc86902b100650178f8c4abb3e9bd34ac4ffd8d693049813b99567321,,Intro-Math-Programming/baseText/optimization/optimization-examples/machine_assignment_pulp.ipynb,source_frozen,,,,,,,,,optimization_notebook_pulp
,source_notebook,1508,cfe08d1d59f2eb5a009f31618a00d7539484676ee74d5edf350abc56eb23423d,"{""bytes"":null,""path"":""Intro-Math-Programming/baseText/optimization/optimization-examples/multi_period_investment_gurobi.ipynb"",""present"":false,""sha256"":null}","{""authority_witness_path"":""source/Intro-Math-Programming/baseText/optimization/optimization-examples/multi_period_investment_gurobi.ipynb"",""authority_witness_present"":false,""localized_derivative_path"":null,""localized_derivative_present"":false}",authority_original_pruned_from_target_and_current_public_source_package; frozen_authority_only,,true,,jupyter_notebook_json,,,,asset.r017.ch04.notebook.multi-period-investment.gurobi,"{""bytes"":null,""path"":null,""present"":false,""sha256"":null}",artifact.backend.machine-backend-evidence,,"{""disposition"":""design_unresolved_no_complete_executable_replacement"",""mapping_role"":""direct_model_family_witness"",""mapping_unit_ids"":[""unit.o018.lab.ch04.investment-multi-period""],""pyomo_highs_applicability"":""applicable"",""runtime_dependency_ids"":[""dependency.pyomo"",""dependency.highs""],""scope_note"":""O018 records the unresolved variable-domain, idle-cash, repeat-choice, and payout-timing questions and does not invent a solver result.""}",python_notebook_requiring_proprietary_gurobi_runtime_and_license,true,2026-08-23T00:00:00+02:00,,,,codex-r017-o018-id-production,rights.r017.code,,external_proprietary_runtime_not_shipped,,"[""Python"",""Jupyter"",""gurobipy/Gurobi""]","[""dependency.gurobi""]",interlanguage.asset,0.1.0,1508,cfe08d1d59f2eb5a009f31618a00d7539484676ee74d5edf350abc56eb23423d,,Intro-Math-Programming/baseText/optimization/optimization-examples/multi_period_investment_gurobi.ipynb,source_frozen,,,,,,,,,optimization_notebook_gurobi
,source_notebook,1696,8c60512d9d5adb4b1348e0626f14a3e3680b2f721f408a5fde89e3dd143e2296,"{""bytes"":null,""path"":""Intro-Math-Programming/baseText/optimization/optimization-examples/multi_period_investment_pulp.ipynb"",""present"":false,""sha256"":null}","{""authority_witness_path"":""source/Intro-Math-Programming/baseText/optimization/optimization-examples/multi_period_investment_pulp.ipynb"",""authority_witness_present"":false,""localized_derivative_path"":null,""localized_derivative_present"":false}",authority_original_pruned_from_target_and_current_public_source_package; frozen_authority_only,,true,,jupyter_notebook_json,,,,asset.r017.ch04.notebook.multi-period-investment.pulp,"{""bytes"":null,""path"":null,""present"":false,""sha256"":null}",artifact.backend.machine-backend-evidence,,"{""disposition"":""design_unresolved_no_complete_executable_replacement"",""mapping_role"":""direct_model_family_witness"",""mapping_unit_ids"":[""unit.o018.lab.ch04.investment-multi-period""],""pyomo_highs_applicability"":""applicable"",""runtime_dependency_ids"":[""dependency.pyomo"",""dependency.highs""],""scope_note"":""O018 records the unresolved variable-domain, idle-cash, repeat-choice, and payout-timing questions and does not invent a solver result.""}",open_source_python_pulp_solver_workflow,false,2026-08-23T00:00:00+02:00,,,,codex-r017-o018-id-production,rights.r017.code,,external_runtime_not_frozen_or_shipped_for_this_witness,,"[""Python"",""Jupyter"",""PuLP"",""PuLP solver backend""]",[],interlanguage.asset,0.1.0,1696,8c60512d9d5adb4b1348e0626f14a3e3680b2f721f408a5fde89e3dd143e2296,,Intro-Math-Programming/baseText/optimization/optimization-examples/multi_period_investment_pulp.ipynb,source_frozen,,,,,,,,,optimization_notebook_pulp
,source_notebook,1597,f53b932fa8550e2ede2fce30341f4d855c43aa7a41ca1472cf4f573f02ae1e45,"{""bytes"":null,""path"":""Intro-Math-Programming/baseText/optimization/optimization-examples/multicommodity_flow_gurobi.ipynb"",""present"":false,""sha256"":null}","{""authority_witness_path"":""source/Intro-Math-Programming/baseText/optimization/optimization-examples/multicommodity_flow_gurobi.ipynb"",""authority_witness_present"":false,""localized_derivative_path"":null,""localized_derivative_present"":false}",authority_original_pruned_from_target_and_current_public_source_package; frozen_authority_only,,true,,jupyter_notebook_json,,,,asset.r017.ch04.notebook.multicommodity-flow.gurobi,"{""bytes"":null,""path"":null,""present"":false,""sha256"":null}",artifact.backend.machine-backend-evidence,,"{""disposition"":""verified_separately_attributed_pyomo_highs_adaptation"",""mapping_role"":""direct_model_family_witness"",""mapping_unit_ids"":[""unit.o018.lab.ch04.multicommodity-integer""],""pyomo_highs_applicability"":""applicable"",""runtime_dependency_ids"":[""dependency.pyomo"",""dependency.highs""],""scope_note"":""The integer multicommodity-flow adaptation is executable and verified.""}",python_notebook_requiring_proprietary_gurobi_runtime_and_license,true,2026-08-23T00:00:00+02:00,,,,codex-r017-o018-id-production,rights.r017.code,,external_proprietary_runtime_not_shipped,,"[""Python"",""Jupyter"",""gurobipy/Gurobi""]","[""dependency.gurobi""]",interlanguage.asset,0.1.0,1597,f53b932fa8550e2ede2fce30341f4d855c43aa7a41ca1472cf4f573f02ae1e45,,Intro-Math-Programming/baseText/optimization/optimization-examples/multicommodity_flow_gurobi.ipynb,source_frozen,,,,,,,,,optimization_notebook_gurobi
,source_notebook,1876,9ca967f994bda65885f8a9586f2931e8512ea50aea40dbbecb50d75083fb2774,"{""bytes"":null,""path"":""Intro-Math-Programming/baseText/optimization/optimization-examples/multicommodity_flow_pulp.ipynb"",""present"":false,""sha256"":null}","{""authority_witness_path"":""source/Intro-Math-Programming/baseText/optimization/optimization-examples/multicommodity_flow_pulp.ipynb"",""authority_witness_present"":false,""localized_derivative_path"":null,""localized_derivative_present"":false}",authority_original_pruned_from_target_and_current_public_source_package; frozen_authority_only,,true,,jupyter_notebook_json,,,,asset.r017.ch04.notebook.multicommodity-flow.pulp,"{""bytes"":null,""path"":null,""present"":false,""sha256"":null}",artifact.backend.machine-backend-evidence,,"{""disposition"":""verified_separately_attributed_pyomo_highs_adaptation"",""mapping_role"":""direct_model_family_witness"",""mapping_unit_ids"":[""unit.o018.lab.ch04.multicommodity-integer""],""pyomo_highs_applicability"":""applicable"",""runtime_dependency_ids"":[""dependency.pyomo"",""dependency.highs""],""scope_note"":""The integer multicommodity-flow adaptation is executable and verified.""}",open_source_python_pulp_solver_workflow,false,2026-08-23T00:00:00+02:00,,,,codex-r017-o018-id-production,rights.r017.code,,external_runtime_not_frozen_or_shipped_for_this_witness,,"[""Python"",""Jupyter"",""PuLP"",""PuLP solver backend""]",[],interlanguage.asset,0.1.0,1876,9ca967f994bda65885f8a9586f2931e8512ea50aea40dbbecb50d75083fb2774,,Intro-Math-Programming/baseText/optimization/optimization-examples/multicommodity_flow_pulp.ipynb,source_frozen,,,,,,,,,optimization_notebook_pulp
,source_notebook,1600,b3409c3972eef05ab1f358c68f7129e43f4e63695a0d02a857e1bbd6a732dd38,"{""bytes"":null,""path"":""Intro-Math-Programming/baseText/optimization/optimization-examples/multicommodity_sourcesink_gurobi.ipynb"",""present"":false,""sha256"":null}","{""authority_witness_path"":""source/Intro-Math-Programming/baseText/optimization/optimization-examples/multicommodity_sourcesink_gurobi.ipynb"",""authority_witness_present"":false,""localized_derivative_path"":null,""localized_derivative_present"":false}",authority_original_pruned_from_target_and_current_public_source_package; frozen_authority_only,,true,,jupyter_notebook_json,,,,asset.r017.ch04.notebook.multicommodity-sourcesink.gurobi,"{""bytes"":null,""path"":null,""present"":false,""sha256"":null}",artifact.backend.machine-backend-evidence,,"{""disposition"":""verified_separately_attributed_pyomo_highs_adaptation"",""mapping_role"":""direct_model_family_witness"",""mapping_unit_ids"":[""unit.o018.lab.ch04.multicommodity-fractional""],""pyomo_highs_applicability"":""applicable"",""runtime_dependency_ids"":[""dependency.pyomo"",""dependency.highs""],""scope_note"":""The fractional source/sink multicommodity adaptation is executable and verified.""}",python_notebook_requiring_proprietary_gurobi_runtime_and_license,true,2026-08-23T00:00:00+02:00,,,,codex-r017-o018-id-production,rights.r017.code,,external_proprietary_runtime_not_shipped,,"[""Python"",""Jupyter"",""gurobipy/Gurobi""]","[""dependency.gurobi""]",interlanguage.asset,0.1.0,1600,b3409c3972eef05ab1f358c68f7129e43f4e63695a0d02a857e1bbd6a732dd38,,Intro-Math-Programming/baseText/optimization/optimization-examples/multicommodity_sourcesink_gurobi.ipynb,source_frozen,,,,,,,,,optimization_notebook_gurobi
,source_notebook,2012,736d792aeb0648cc10d4c724036b68bca5b2586811b560c489e2ea6e27fa1e51,"{""bytes"":null,""path"":""Intro-Math-Programming/baseText/optimization/optimization-examples/multicommodity_sourcesink_pulp.ipynb"",""present"":false,""sha256"":null}","{""authority_witness_path"":""source/Intro-Math-Programming/baseText/optimization/optimization-examples/multicommodity_sourcesink_pulp.ipynb"",""authority_witness_present"":false,""localized_derivative_path"":null,""localized_derivative_present"":false}",authority_original_pruned_from_target_and_current_public_source_package; frozen_authority_only,,true,,jupyter_notebook_json,,,,asset.r017.ch04.notebook.multicommodity-sourcesink.pulp,"{""bytes"":null,""path"":null,""present"":false,""sha256"":null}",artifact.backend.machine-backend-evidence,,"{""disposition"":""verified_separately_attributed_pyomo_highs_adaptation"",""mapping_role"":""direct_model_family_witness"",""mapping_unit_ids"":[""unit.o018.lab.ch04.multicommodity-fractional""],""pyomo_highs_applicability"":""applicable"",""runtime_dependency_ids"":[""dependency.pyomo"",""dependency.highs""],""scope_note"":""The fractional source/sink multicommodity adaptation is executable and verified.""}",open_source_python_pulp_solver_workflow,false,2026-08-23T00:00:00+02:00,,,,codex-r017-o018-id-production,rights.r017.code,,external_runtime_not_frozen_or_shipped_for_this_witness,,"[""Python"",""Jupyter"",""PuLP"",""PuLP solver backend""]",[],interlanguage.asset,0.1.0,2012,736d792aeb0648cc10d4c724036b68bca5b2586811b560c489e2ea6e27fa1e51,,Intro-Math-Programming/baseText/optimization/optimization-examples/multicommodity_sourcesink_pulp.ipynb,source_frozen,,,,,,,,,optimization_notebook_pulp
,source_notebook,1343,55150b739852419ae20fdc904e1f025e6d31011545ca0a511a749a20ebe06382,"{""bytes"":null,""path"":""Intro-Math-Programming/baseText/optimization/optimization-examples/production_overtime_gurobi.ipynb"",""present"":false,""sha256"":null}","{""authority_witness_path"":""source/Intro-Math-Programming/baseText/optimization/optimization-examples/production_overtime_gurobi.ipynb"",""authority_witness_present"":false,""localized_derivative_path"":null,""localized_derivative_present"":false}",authority_original_pruned_from_target_and_current_public_source_package; frozen_authority_only,,true,,jupyter_notebook_json,,,,asset.r017.ch04.notebook.production-overtime.gurobi,"{""bytes"":null,""path"":null,""present"":false,""sha256"":null}",artifact.backend.machine-backend-evidence,,"{""disposition"":""parameter_required_no_complete_executable_replacement"",""mapping_role"":""direct_model_family_witness"",""mapping_unit_ids"":[""unit.o018.lab.ch04.production-overtime""],""pyomo_highs_applicability"":""applicable"",""runtime_dependency_ids"":[""dependency.pyomo"",""dependency.highs""],""scope_note"":""O018 preserves the missing regular/overtime capacity parameters and does not fabricate an executable optimum.""}",python_notebook_requiring_proprietary_gurobi_runtime_and_license,true,2026-08-23T00:00:00+02:00,,,,codex-r017-o018-id-production,rights.r017.code,,external_proprietary_runtime_not_shipped,,"[""Python"",""Jupyter"",""gurobipy/Gurobi""]","[""dependency.gurobi""]",interlanguage.asset,0.1.0,1343,55150b739852419ae20fdc904e1f025e6d31011545ca0a511a749a20ebe06382,,Intro-Math-Programming/baseText/optimization/optimization-examples/production_overtime_gurobi.ipynb,source_frozen,,,,,,,,,optimization_notebook_gurobi
,source_notebook,1682,112055da5b7af3dc34e40db3f282ec6ab4f9f2ee6792304b2595ce1b64bac76d,"{""bytes"":null,""path"":""Intro-Math-Programming/baseText/optimization/optimization-examples/production_overtime_pulp.ipynb"",""present"":false,""sha256"":null}","{""authority_witness_path"":""source/Intro-Math-Programming/baseText/optimization/optimization-examples/production_overtime_pulp.ipynb"",""authority_witness_present"":false,""localized_derivative_path"":null,""localized_derivative_present"":false}",authority_original_pruned_from_target_and_current_public_source_package; frozen_authority_only,,true,,jupyter_notebook_json,,,,asset.r017.ch04.notebook.production-overtime.pulp,"{""bytes"":null,""path"":null,""present"":false,""sha256"":null}",artifact.backend.machine-backend-evidence,,"{""disposition"":""parameter_required_no_complete_executable_replacement"",""mapping_role"":""direct_model_family_witness"",""mapping_unit_ids"":[""unit.o018.lab.ch04.production-overtime""],""pyomo_highs_applicability"":""applicable"",""runtime_dependency_ids"":[""dependency.pyomo"",""dependency.highs""],""scope_note"":""O018 preserves the missing regular/overtime capacity parameters and does not fabricate an executable optimum.""}",open_source_python_pulp_solver_workflow,false,2026-08-23T00:00:00+02:00,,,,codex-r017-o018-id-production,rights.r017.code,,external_runtime_not_frozen_or_shipped_for_this_witness,,"[""Python"",""Jupyter"",""PuLP"",""PuLP solver backend""]",[],interlanguage.asset,0.1.0,1682,112055da5b7af3dc34e40db3f282ec6ab4f9f2ee6792304b2595ce1b64bac76d,,Intro-Math-Programming/baseText/optimization/optimization-examples/production_overtime_pulp.ipynb,source_frozen,,,,,,,,,optimization_notebook_pulp
,source_notebook,1469,c334df3b265fb8c713576328186b54160b6a0bbe6961d2aa50e2805e85de7fa3,"{""bytes"":null,""path"":""Intro-Math-Programming/baseText/optimization/optimization-examples/school_bus_gurobi.ipynb"",""present"":false,""sha256"":null}","{""authority_witness_path"":""source/Intro-Math-Programming/baseText/optimization/optimization-examples/school_bus_gurobi.ipynb"",""authority_witness_present"":false,""localized_derivative_path"":null,""localized_derivative_present"":false}",authority_original_pruned_from_target_and_current_public_source_package; frozen_authority_only,,true,,jupyter_notebook_json,,,,asset.r017.ch04.notebook.school-bus.gurobi,"{""bytes"":null,""path"":null,""present"":false,""sha256"":null}",artifact.backend.machine-backend-evidence,,"{""disposition"":""verified_separately_attributed_pyomo_highs_adaptation"",""mapping_role"":""direct_model_family_witness"",""mapping_unit_ids"":[""unit.o018.lab.ch04.assignment-school-bus""],""pyomo_highs_applicability"":""applicable"",""runtime_dependency_ids"":[""dependency.pyomo"",""dependency.highs""],""scope_note"":""The school-bus assignment adaptation is executable and verified.""}",python_notebook_requiring_proprietary_gurobi_runtime_and_license,true,2026-08-23T00:00:00+02:00,,,,codex-r017-o018-id-production,rights.r017.code,,external_proprietary_runtime_not_shipped,,"[""Python"",""Jupyter"",""gurobipy/Gurobi""]","[""dependency.gurobi""]",interlanguage.asset,0.1.0,1469,c334df3b265fb8c713576328186b54160b6a0bbe6961d2aa50e2805e85de7fa3,,Intro-Math-Programming/baseText/optimization/optimization-examples/school_bus_gurobi.ipynb,source_frozen,,,,,,,,,optimization_notebook_gurobi
,source_notebook,1547,8157c7333bbde94f1da70d836dd942227896a2e7957077a0c0876a9b3eee9dc9,"{""bytes"":null,""path"":""Intro-Math-Programming/baseText/optimization/optimization-examples/school_bus_pulp.ipynb"",""present"":false,""sha256"":null}","{""authority_witness_path"":""source/Intro-Math-Programming/baseText/optimization/optimization-examples/school_bus_pulp.ipynb"",""authority_witness_present"":false,""localized_derivative_path"":null,""localized_derivative_present"":false}",authority_original_pruned_from_target_and_current_public_source_package; frozen_authority_only,,true,,jupyter_notebook_json,,,,asset.r017.ch04.notebook.school-bus.pulp,"{""bytes"":null,""path"":null,""present"":false,""sha256"":null}",artifact.backend.machine-backend-evidence,,"{""disposition"":""verified_separately_attributed_pyomo_highs_adaptation"",""mapping_role"":""direct_model_family_witness"",""mapping_unit_ids"":[""unit.o018.lab.ch04.assignment-school-bus""],""pyomo_highs_applicability"":""applicable"",""runtime_dependency_ids"":[""dependency.pyomo"",""dependency.highs""],""scope_note"":""The school-bus assignment adaptation is executable and verified.""}",open_source_python_pulp_solver_workflow,false,2026-08-23T00:00:00+02:00,,,,codex-r017-o018-id-production,rights.r017.code,,external_runtime_not_frozen_or_shipped_for_this_witness,,"[""Python"",""Jupyter"",""PuLP"",""PuLP solver backend""]",[],interlanguage.asset,0.1.0,1547,8157c7333bbde94f1da70d836dd942227896a2e7957077a0c0876a9b3eee9dc9,,Intro-Math-Programming/baseText/optimization/optimization-examples/school_bus_pulp.ipynb,source_frozen,,,,,,,,,optimization_notebook_pulp
,localized_xlsx_workbook,6074,90043d4b467d9b306b641800f48f394333028e8fd96c5af4c0153c4f1704b849,"{""bytes"":null,""path"":""Intro-Math-Programming/baseText/optimization/optimization-examples/absolute-value-excel.xlsx"",""present"":false,""sha256"":null}","{""authority_witness_path"":""source/Intro-Math-Programming/baseText/optimization/optimization-examples/absolute-value-excel.xlsx"",""authority_witness_present"":false,""localized_derivative_path"":""source/Intro-Math-Programming/baseText/optimization/optimization-examples/absolute-value-excel-id-ID.xlsx"",""localized_derivative_present"":true}",authority_original_pruned; localized_derivative_present_in_target_and_current_public_source_package,,true,,openxml_non_macro_xlsx,,,,asset.r017.ch04.workbook.absolute-value.id,"{""bytes"":5316,""path"":""Intro-Math-Programming/baseText/optimization/optimization-examples/absolute-value-excel-id-ID.xlsx"",""present"":true,""sha256"":""7157f7371a8c01cd677274a778f642757793c7608537fb42e215019504da0314""}",artifact.backend.machine-backend-evidence,,"{""disposition"":""verified_separately_attributed_pyomo_highs_adaptation"",""mapping_role"":""direct_model_family_witness"",""mapping_unit_ids"":[""unit.o018.lab.ch04.absolute-deviation""],""pyomo_highs_applicability"":""applicable"",""runtime_dependency_ids"":[""dependency.pyomo"",""dependency.highs""],""scope_note"":""The absolute-deviation linearization is executable and verified.""}",cross-application OOXML file; the R017 operational Excel/Excel Solver workflow is proprietary and external,true,2026-08-23T00:00:00+02:00,,,,codex-r017-o018-id-production,rights.r017.code,,external_proprietary_runtime_not_shipped,,"[""Microsoft Excel"",""Excel Solver where modeled""]","[""dependency.excel""]",interlanguage.asset,0.1.0,6074,90043d4b467d9b306b641800f48f394333028e8fd96c5af4c0153c4f1704b849,,Intro-Math-Programming/baseText/optimization/optimization-examples/absolute-value-excel.xlsx,verified,,5316,7157f7371a8c01cd677274a778f642757793c7608537fb42e215019504da0314,pass,Intro-Math-Programming/baseText/optimization/optimization-examples/absolute-value-excel-id-ID.xlsx,,,,operational_non_macro_xlsx
,localized_xlsx_workbook,5695,24e488445d85a4659544ce5947d0510cad5029af0616c60c345b5c6e05ffb81f,"{""bytes"":null,""path"":""Intro-Math-Programming/baseText/optimization/optimization-examples/airline-maxflow-excel.xlsx"",""present"":false,""sha256"":null}","{""authority_witness_path"":""source/Intro-Math-Programming/baseText/optimization/optimization-examples/airline-maxflow-excel.xlsx"",""authority_witness_present"":false,""localized_derivative_path"":""source/Intro-Math-Programming/baseText/optimization/optimization-examples/airline-maxflow-excel-id-ID.xlsx"",""localized_derivative_present"":true}",authority_original_pruned; localized_derivative_present_in_target_and_current_public_source_package,,true,,openxml_non_macro_xlsx,,,,asset.r017.ch04.workbook.airline-maxflow.id,"{""bytes"":5021,""path"":""Intro-Math-Programming/baseText/optimization/optimization-examples/airline-maxflow-excel-id-ID.xlsx"",""present"":true,""sha256"":""ab86e3214ab7a23a2953b6f14e29ec0314eb95ae8bf84d51f38d387690e0c2d4""}",artifact.backend.machine-backend-evidence,,"{""disposition"":""verified_corrected_adaptation_with_explicit_witness_divergence"",""mapping_role"":""direct_model_family_witness"",""mapping_unit_ids"":[""unit.o018.lab.ch04.airline-max-flow""],""pyomo_highs_applicability"":""applicable"",""runtime_dependency_ids"":[""dependency.pyomo"",""dependency.highs""],""scope_note"":""The frozen workbook/notebooks encode d->e and objective 9; O018 separately implements the printed/corrected d->t network with objective 12 and records the divergence.""}",cross-application OOXML file; the R017 operational Excel/Excel Solver workflow is proprietary and external,true,2026-08-23T00:00:00+02:00,,,,codex-r017-o018-id-production,rights.r017.code,,external_proprietary_runtime_not_shipped,,"[""Microsoft Excel"",""Excel Solver where modeled""]","[""dependency.excel""]",interlanguage.asset,0.1.0,5695,24e488445d85a4659544ce5947d0510cad5029af0616c60c345b5c6e05ffb81f,,Intro-Math-Programming/baseText/optimization/optimization-examples/airline-maxflow-excel.xlsx,verified,,5021,ab86e3214ab7a23a2953b6f14e29ec0314eb95ae8bf84d51f38d387690e0c2d4,pass,Intro-Math-Programming/baseText/optimization/optimization-examples/airline-maxflow-excel-id-ID.xlsx,,,,operational_non_macro_xlsx
,localized_xlsx_workbook,8324,a9d7ee6d5b706028fbd908a0e43710e1dbb51d9b9c4a4466ba6c075e9a270f63,"{""bytes"":null,""path"":""Intro-Math-Programming/baseText/optimization/optimization-examples/assignment-problem-excel.xlsx"",""present"":false,""sha256"":null}","{""authority_witness_path"":""source/Intro-Math-Programming/baseText/optimization/optimization-examples/assignment-problem-excel.xlsx"",""authority_witness_present"":false,""localized_derivative_path"":""source/Intro-Math-Programming/baseText/optimization/optimization-examples/assignment-problem-excel-id-ID.xlsx"",""localized_derivative_present"":true}",authority_original_pruned; localized_derivative_present_in_target_and_current_public_source_package,,true,,openxml_non_macro_xlsx,,,,asset.r017.ch04.workbook.assignment-problem.id,"{""bytes"":7378,""path"":""Intro-Math-Programming/baseText/optimization/optimization-examples/assignment-problem-excel-id-ID.xlsx"",""present"":true,""sha256"":""e8c94638c1184ecf6bf3cc035ce03c5da43a923b57806c5863aba81f8a7b1dc0""}",artifact.backend.machine-backend-evidence,,"{""disposition"":""verified_separately_attributed_pyomo_highs_adaptation"",""mapping_role"":""direct_model_family_witness"",""mapping_unit_ids"":[""unit.o018.lab.ch04.assignment-generic""],""pyomo_highs_applicability"":""applicable"",""runtime_dependency_ids"":[""dependency.pyomo"",""dependency.highs""],""scope_note"":""The generic assignment adaptation is executable and verified.""}",cross-application OOXML file; the R017 operational Excel/Excel Solver workflow is proprietary and external,true,2026-08-23T00:00:00+02:00,,,,codex-r017-o018-id-production,rights.r017.code,,external_proprietary_runtime_not_shipped,,"[""Microsoft Excel"",""Excel Solver where modeled""]","[""dependency.excel""]",interlanguage.asset,0.1.0,8324,a9d7ee6d5b706028fbd908a0e43710e1dbb51d9b9c4a4466ba6c075e9a270f63,,Intro-Math-Programming/baseText/optimization/optimization-examples/assignment-problem-excel.xlsx,verified,,7378,e8c94638c1184ecf6bf3cc035ce03c5da43a923b57806c5863aba81f8a7b1dc0,pass,Intro-Math-Programming/baseText/optimization/optimization-examples/assignment-problem-excel-id-ID.xlsx,,,,operational_non_macro_xlsx
,localized_xlsx_workbook,6177,d9cc018faecbd4bea27b270f250dd935c5c2fdbc1f3638d96b53869daf0b0a2b,"{""bytes"":null,""path"":""Intro-Math-Programming/baseText/optimization/optimization-examples/machine-assignment-excel.xlsx"",""present"":false,""sha256"":null}","{""authority_witness_path"":""source/Intro-Math-Programming/baseText/optimization/optimization-examples/machine-assignment-excel.xlsx"",""authority_witness_present"":false,""localized_derivative_path"":""source/Intro-Math-Programming/baseText/optimization/optimization-examples/machine-assignment-excel-id-ID.xlsx"",""localized_derivative_present"":true}",authority_original_pruned; localized_derivative_present_in_target_and_current_public_source_package,,true,,openxml_non_macro_xlsx,,,,asset.r017.ch04.workbook.machine-assignment.id,"{""bytes"":5437,""path"":""Intro-Math-Programming/baseText/optimization/optimization-examples/machine-assignment-excel-id-ID.xlsx"",""present"":true,""sha256"":""b3e04ca23a1c9733b753abf5bf52bd1250f9fb12257c95fc390088eb4a52cd87""}",artifact.backend.machine-backend-evidence,,"{""disposition"":""verified_separately_attributed_pyomo_highs_adaptation"",""mapping_role"":""direct_model_family_witness"",""mapping_unit_ids"":[""unit.o018.lab.ch04.assignment-machine""],""pyomo_highs_applicability"":""applicable"",""runtime_dependency_ids"":[""dependency.pyomo"",""dependency.highs""],""scope_note"":""The binary assignment adaptation is executable and verified.""}",cross-application OOXML file; the R017 operational Excel/Excel Solver workflow is proprietary and external,true,2026-08-23T00:00:00+02:00,,,,codex-r017-o018-id-production,rights.r017.code,,external_proprietary_runtime_not_shipped,,"[""Microsoft Excel"",""Excel Solver where modeled""]","[""dependency.excel""]",interlanguage.asset,0.1.0,6177,d9cc018faecbd4bea27b270f250dd935c5c2fdbc1f3638d96b53869daf0b0a2b,,Intro-Math-Programming/baseText/optimization/optimization-examples/machine-assignment-excel.xlsx,verified,,5437,b3e04ca23a1c9733b753abf5bf52bd1250f9fb12257c95fc390088eb4a52cd87,pass,Intro-Math-Programming/baseText/optimization/optimization-examples/machine-assignment-excel-id-ID.xlsx,,,,operational_non_macro_xlsx
,localized_xlsx_workbook,5844,a4a9a97b023912693900c60c455494d351c549441f4d8315ac4453c24a0d93f7,"{""bytes"":null,""path"":""Intro-Math-Programming/baseText/optimization/optimization-examples/multi-period-investment-excel.xlsx"",""present"":false,""sha256"":null}","{""authority_witness_path"":""source/Intro-Math-Programming/baseText/optimization/optimization-examples/multi-period-investment-excel.xlsx"",""authority_witness_present"":false,""localized_derivative_path"":""source/Intro-Math-Programming/baseText/optimization/optimization-examples/multi-period-investment-excel-id-ID.xlsx"",""localized_derivative_present"":true}",authority_original_pruned; localized_derivative_present_in_target_and_current_public_source_package,,true,,openxml_non_macro_xlsx,,,,asset.r017.ch04.workbook.multi-period-investment.id,"{""bytes"":5164,""path"":""Intro-Math-Programming/baseText/optimization/optimization-examples/multi-period-investment-excel-id-ID.xlsx"",""present"":true,""sha256"":""4d39ea77ced22ae340105af2a0cdc4a5c50a75064262c30ea4a421195d626a32""}",artifact.backend.machine-backend-evidence,,"{""disposition"":""design_unresolved_no_complete_executable_replacement"",""mapping_role"":""direct_model_family_witness"",""mapping_unit_ids"":[""unit.o018.lab.ch04.investment-multi-period""],""pyomo_highs_applicability"":""applicable"",""runtime_dependency_ids"":[""dependency.pyomo"",""dependency.highs""],""scope_note"":""O018 records the unresolved variable-domain, idle-cash, repeat-choice, and payout-timing questions and does not invent a solver result.""}",cross-application OOXML file; the R017 operational Excel/Excel Solver workflow is proprietary and external,true,2026-08-23T00:00:00+02:00,,,,codex-r017-o018-id-production,rights.r017.code,,external_proprietary_runtime_not_shipped,,"[""Microsoft Excel"",""Excel Solver where modeled""]","[""dependency.excel""]",interlanguage.asset,0.1.0,5844,a4a9a97b023912693900c60c455494d351c549441f4d8315ac4453c24a0d93f7,,Intro-Math-Programming/baseText/optimization/optimization-examples/multi-period-investment-excel.xlsx,verified,,5164,4d39ea77ced22ae340105af2a0cdc4a5c50a75064262c30ea4a421195d626a32,pass,Intro-Math-Programming/baseText/optimization/optimization-examples/multi-period-investment-excel-id-ID.xlsx,,,,operational_non_macro_xlsx
,localized_xlsx_workbook,8726,5a9de5019d617e1193ee165785cbd751b26305977a56deb203dc5b3f14ea805e,"{""bytes"":null,""path"":""Intro-Math-Programming/baseText/optimization/optimization-examples/production_costs.xlsx"",""present"":false,""sha256"":null}","{""authority_witness_path"":""source/Intro-Math-Programming/baseText/optimization/optimization-examples/production_costs.xlsx"",""authority_witness_present"":false,""localized_derivative_path"":""source/Intro-Math-Programming/baseText/optimization/optimization-examples/production_costs-id-ID.xlsx"",""localized_derivative_present"":true}",authority_original_pruned; localized_derivative_present_in_target_and_current_public_source_package,,true,,openxml_non_macro_xlsx,,,,asset.r017.ch04.workbook.production-costs.id,"{""bytes"":4734,""path"":""Intro-Math-Programming/baseText/optimization/optimization-examples/production_costs-id-ID.xlsx"",""present"":true,""sha256"":""8823222afd833338383f43eeec24225d4d94768ef1db6905eda71d17cfd6a0fb""}",artifact.backend.machine-backend-evidence,,"{""disposition"":""parameter_required_no_complete_executable_replacement"",""mapping_role"":""supporting_parameter_workbook"",""mapping_unit_ids"":[""unit.o018.lab.ch04.production-overtime""],""pyomo_highs_applicability"":""applicable"",""runtime_dependency_ids"":[""dependency.pyomo"",""dependency.highs""],""scope_note"":""The costs/demand workbook is preserved as support evidence, but the capacity omission leaves the O018 case parameter_required.""}",cross-application OOXML file; the R017 operational Excel/Excel Solver workflow is proprietary and external,true,2026-08-23T00:00:00+02:00,,,,codex-r017-o018-id-production,rights.r017.code,,external_proprietary_runtime_not_shipped,,"[""Microsoft Excel"",""Excel Solver where modeled""]","[""dependency.excel""]",interlanguage.asset,0.1.0,8726,5a9de5019d617e1193ee165785cbd751b26305977a56deb203dc5b3f14ea805e,,Intro-Math-Programming/baseText/optimization/optimization-examples/production_costs.xlsx,verified,,4734,8823222afd833338383f43eeec24225d4d94768ef1db6905eda71d17cfd6a0fb,pass,Intro-Math-Programming/baseText/optimization/optimization-examples/production_costs-id-ID.xlsx,,,,operational_non_macro_xlsx
,localized_xlsx_workbook,5898,e89c7f6d84f5b182ee4f4432c1378976c36a9cd269d8a70b04b72cedc836f957,"{""bytes"":null,""path"":""Intro-Math-Programming/baseText/optimization/optimization-examples/production-overtime-excel.xlsx"",""present"":false,""sha256"":null}","{""authority_witness_path"":""source/Intro-Math-Programming/baseText/optimization/optimization-examples/production-overtime-excel.xlsx"",""authority_witness_present"":false,""localized_derivative_path"":""source/Intro-Math-Programming/baseText/optimization/optimization-examples/production-overtime-excel-id-ID.xlsx"",""localized_derivative_present"":true}",authority_original_pruned; localized_derivative_present_in_target_and_current_public_source_package,,true,,openxml_non_macro_xlsx,,,,asset.r017.ch04.workbook.production-overtime.id,"{""bytes"":5198,""path"":""Intro-Math-Programming/baseText/optimization/optimization-examples/production-overtime-excel-id-ID.xlsx"",""present"":true,""sha256"":""9901d7a37b0cffe3c0a5ba3ec149e3738ce51b10e9d21eae2f5f36d76148774e""}",artifact.backend.machine-backend-evidence,,"{""disposition"":""parameter_required_no_complete_executable_replacement"",""mapping_role"":""direct_model_family_witness"",""mapping_unit_ids"":[""unit.o018.lab.ch04.production-overtime""],""pyomo_highs_applicability"":""applicable"",""runtime_dependency_ids"":[""dependency.pyomo"",""dependency.highs""],""scope_note"":""O018 preserves the missing regular/overtime capacity parameters and does not fabricate an executable optimum.""}",cross-application OOXML file; the R017 operational Excel/Excel Solver workflow is proprietary and external,true,2026-08-23T00:00:00+02:00,,,,codex-r017-o018-id-production,rights.r017.code,,external_proprietary_runtime_not_shipped,,"[""Microsoft Excel"",""Excel Solver where modeled""]","[""dependency.excel""]",interlanguage.asset,0.1.0,5898,e89c7f6d84f5b182ee4f4432c1378976c36a9cd269d8a70b04b72cedc836f957,,Intro-Math-Programming/baseText/optimization/optimization-examples/production-overtime-excel.xlsx,verified,,5198,9901d7a37b0cffe3c0a5ba3ec149e3738ce51b10e9d21eae2f5f36d76148774e,pass,Intro-Math-Programming/baseText/optimization/optimization-examples/production-overtime-excel-id-ID.xlsx,,,,operational_non_macro_xlsx
,localized_xlsx_workbook,5785,fd5cdd08e941801acc5b0c16ab98620680ba83142565387ab3e8eadb06795f85,"{""bytes"":null,""path"":""Intro-Math-Programming/baseText/optimization/optimization-examples/school-bus-excel.xlsx"",""present"":false,""sha256"":null}","{""authority_witness_path"":""source/Intro-Math-Programming/baseText/optimization/optimization-examples/school-bus-excel.xlsx"",""authority_witness_present"":false,""localized_derivative_path"":""source/Intro-Math-Programming/baseText/optimization/optimization-examples/school-bus-excel-id-ID.xlsx"",""localized_derivative_present"":true}",authority_original_pruned; localized_derivative_present_in_target_and_current_public_source_package,,true,,openxml_non_macro_xlsx,,,,asset.r017.ch04.workbook.school-bus.id,"{""bytes"":5055,""path"":""Intro-Math-Programming/baseText/optimization/optimization-examples/school-bus-excel-id-ID.xlsx"",""present"":true,""sha256"":""0bf8e0b7e52214d19e2965a0f5b0a5ab7fe667f43e461f09910ff293e332adde""}",artifact.backend.machine-backend-evidence,,"{""disposition"":""verified_separately_attributed_pyomo_highs_adaptation"",""mapping_role"":""direct_model_family_witness"",""mapping_unit_ids"":[""unit.o018.lab.ch04.assignment-school-bus""],""pyomo_highs_applicability"":""applicable"",""runtime_dependency_ids"":[""dependency.pyomo"",""dependency.highs""],""scope_note"":""The school-bus assignment adaptation is executable and verified.""}",cross-application OOXML file; the R017 operational Excel/Excel Solver workflow is proprietary and external,true,2026-08-23T00:00:00+02:00,,,,codex-r017-o018-id-production,rights.r017.code,,external_proprietary_runtime_not_shipped,,"[""Microsoft Excel"",""Excel Solver where modeled""]","[""dependency.excel""]",interlanguage.asset,0.1.0,5785,fd5cdd08e941801acc5b0c16ab98620680ba83142565387ab3e8eadb06795f85,,Intro-Math-Programming/baseText/optimization/optimization-examples/school-bus-excel.xlsx,verified,,5055,0bf8e0b7e52214d19e2965a0f5b0a5ab7fe667f43e461f09910ff293e332adde,pass,Intro-Math-Programming/baseText/optimization/optimization-examples/school-bus-excel-id-ID.xlsx,,,,operational_non_macro_xlsx
,localized_partial_backmatter,,,,,,,,,,,,,asset.r017.ch06.checkpoint-answers,,,,,,,2026-08-23T00:00:00+02:00,,,,codex-r017-o018-id-production,rights.r017.content,,,,,,interlanguage.asset,0.1.0,,,,,verified,,263,7082080a6c10caacc18dbd56850877ee83276e61fbf7b990932214d54bbd1faf,pass,Intro-Math-Programming/baseText/book/backmatter/checkpoint-answers-through-ch06-id.tex,,,,
,figure,,,,,,,,,,,,,asset.r017.ch07.desmos-slacks,,,,,,,2026-08-23T00:00:00+02:00,,,,codex-r017-o018-id-production,rights.r017.content,,,,,,interlanguage.asset,0.1.0,68296,fc8e31ee5d240a968eea3d008b2e7a23b00a982c80c2c963e522d190da69b0cd,,Intro-Math-Programming/baseText/Figures/desmos-graph-slacks.png,verified,,68296,fc8e31ee5d240a968eea3d008b2e7a23b00a982c80c2c963e522d190da69b0cd,pass,Intro-Math-Programming/baseText/Figures/desmos-graph-slacks.png,,,,
,third_party_figure,,,,,,,,,,,,,asset.r017.ch07.feasible-polytope,,,,,,,2026-08-23T00:00:00+02:00,,,,codex-r017-o018-id-production,rights.thirdparty.foundations,,,,,,interlanguage.asset,0.1.0,15540,22244c474c080829c93a599d4c95f0140210cdc4fb47d03b9ca63544726d02fe,,Intro-Math-Programming/baseText/external-sources/foundationsAppliedMathematicsLabs/Volume2/Simplex/figures/feasiblePolytope.pdf,verified,,15540,22244c474c080829c93a599d4c95f0140210cdc4fb47d03b9ca63544726d02fe,pass,Intro-Math-Programming/baseText/external-sources/foundationsAppliedMathematicsLabs/Volume2/Simplex/figures/feasiblePolytope.pdf,,,,
,figure,,,,,,,,,,,,,asset.r017.ch07.unbounded-desmos,,,,,,,2026-08-23T00:00:00+02:00,,,,codex-r017-o018-id-production,rights.r017.content,,,,,,interlanguage.asset,0.1.0,183335,bfc2e55a59301fd79f7932fe7695f700fbbff63d9402b1b6dc0e0cab559e5161,,Intro-Math-Programming/baseText/Figures/unbounded-desmos-simplex.png,verified,,183335,bfc2e55a59301fd79f7932fe7695f700fbbff63d9402b1b6dc0e0cab559e5161,pass,Intro-Math-Programming/baseText/Figures/unbounded-desmos-simplex.png,,,,
"[""source/Intro-Math-Programming/baseText/book/part2-discrete-algorithms/ch10-graph-theory/graphtheory-dor1.tex:387"",""source/Intro-Math-Programming/baseText/book/part2-discrete-algorithms/ch10-graph-theory/graphtheory-dor1.tex:726""]",source_notebook,389723,9f704e6dd8c7f8b68ea8690195831b65175fffd90fc76b41b9fdc04e4f0b6399,"{""bytes"":null,""path"":""instructive-code/networkx example - Dijkstra's Algorithm.ipynb"",""present"":false,""sha256"":null}","{""authority_witness_path"":""source/instructive-code/networkx example - Dijkstra's Algorithm.ipynb"",""authority_witness_present"":false,""localized_derivative_path"":null,""localized_derivative_present"":false}",authority_original_pruned_from_target_and_current_public_source_package; frozen_authority_only,,false,,jupyter_notebook_json,,,,asset.r017.ch14.notebook.networkx-dijkstra,"{""bytes"":null,""path"":null,""present"":false,""sha256"":null}",artifact.backend.machine-backend-evidence,,"{""disposition"":""separately_authored_standard_library_graph_replacement"",""mapping_role"":""algorithmic_open_runtime_replacement"",""mapping_unit_ids"":[""unit.o018.lab.ch14.ex-14-2"",""unit.o018.lab.ch14.ex-14-4""],""pyomo_highs_applicability"":""not_applicable"",""runtime_dependency_ids"":[],""scope_note"":""O018 supplies a separately authored standard-library Python companion and shortest-path verification; its locked runtime does not include NetworkX.""}",open_source_python_networkx_workflow,false,2026-08-23T00:00:00+02:00,,,,codex-r017-o018-id-production,rights.r017.code,,external_runtime_not_frozen_or_shipped_for_this_witness,,"[""Python"",""Jupyter"",""NetworkX""]",[],interlanguage.asset,0.1.0,389723,9f704e6dd8c7f8b68ea8690195831b65175fffd90fc76b41b9fdc04e4f0b6399,active_chapter_14_intro_and_dijkstra_witness,instructive-code/networkx example - Dijkstra's Algorithm.ipynb,authority_frozen_target_pruned,,,,,,,,,instructional_notebook_networkx
[],source_notebook,428268,a878d8fe040cf4c0d00335d43a28102c280a66f66ce309f098a59254eaaddc1d,"{""bytes"":null,""path"":""instructive-code/networkx example - Kruskal's algorithm.ipynb"",""present"":false,""sha256"":null}","{""authority_witness_path"":""source/instructive-code/networkx example - Kruskal's algorithm.ipynb"",""authority_witness_present"":false,""localized_derivative_path"":null,""localized_derivative_present"":false}",authority_original_pruned_from_target_and_current_public_source_package; frozen_authority_only,,false,,jupyter_notebook_json,,,,asset.r017.ch14.notebook.networkx-kruskal,"{""bytes"":null,""path"":null,""present"":false,""sha256"":null}",artifact.backend.machine-backend-evidence,,"{""disposition"":""separately_authored_standard_library_graph_replacement"",""mapping_role"":""algorithmic_open_runtime_replacement"",""mapping_unit_ids"":[""unit.o018.lab.ch14.ex-14-1""],""pyomo_highs_applicability"":""not_applicable"",""runtime_dependency_ids"":[],""scope_note"":""O018 verifies Kruskal with a separately authored standard-library implementation and exhaustive spanning-tree cross-check; its locked runtime does not include NetworkX.""}",open_source_python_networkx_workflow,false,2026-08-23T00:00:00+02:00,,,,codex-r017-o018-id-production,rights.r017.code,,external_runtime_not_frozen_or_shipped_for_this_witness,,"[""Python"",""Jupyter"",""NetworkX""]",[],interlanguage.asset,0.1.0,428268,a878d8fe040cf4c0d00335d43a28102c280a66f66ce309f098a59254eaaddc1d,instructional_source_witness_not_linked_from_active_translated_build,instructive-code/networkx example - Kruskal's algorithm.ipynb,authority_frozen_target_pruned,,,,,,,,,instructional_notebook_networkx
,build_controller,,,,,,,,,,,,,asset.r017.controller.book1,,,,,,,2026-08-23T00:00:00+02:00,,,,codex-r017-o018-id-production,rights.r017.code,,,,,,interlanguage.asset,0.1.0,11006,de8f506a8547ec94dfd241c14dfd40eacd53900cac49b1d305f508565c4848da,,Intro-Math-Programming/baseText/book/book1-main.tex,built,,31847,552e0b020893167c51baffce453dd574404c97c59da1631e43e055b95316a556,pass,Intro-Math-Programming/baseText/book/book1-main.tex,,,,
,localized_build_controller,,,,,,,,,,,,,asset.r017.controller.through-ch02,,,,,,,2026-08-23T00:00:00+02:00,,,,codex-r017-o018-id-production,rights.r017.code,,,,,,interlanguage.asset,0.1.0,,,,,built,,287,0f4d0af127eed10e2c4a23250777a385b6c7a1cd67d5d2d7647c2547db49e442,pass,Intro-Math-Programming/baseText/book/book1-through-ch02-id.tex,,,,
,localized_build_controller,,,,,,,,,,,,,asset.r017.controller.through-ch03,,,,,,,2026-08-23T00:00:00+02:00,,,,codex-r017-o018-id-production,rights.r017.code,,,,,,interlanguage.asset,0.1.0,,,,,built,,312,76c2b3dbcd81c8b6607d486c1e58a32e343c85b9429ba8e7bc630889ea5fcb06,pass,Intro-Math-Programming/baseText/book/book1-through-ch03-id.tex,,,,
,localized_build_controller,,,,,,,,,,,,,asset.r017.controller.through-ch05,,,,,,,2026-08-23T00:00:00+02:00,,,,codex-r017-o018-id-production,rights.r017.code,,,,,,interlanguage.asset,0.1.0,,,,,built,,292,5020f6de35f1d041bac4b615eb6effdf06ff89a3d4f41f65bfaa331d7a1c17fd,pass,Intro-Math-Programming/baseText/book/book1-through-ch05-id.tex,,,,
,localized_build_controller,,,,,,,,,,,,,asset.r017.controller.through-ch06,,,,,,,2026-08-23T00:00:00+02:00,,,,codex-r017-o018-id-production,rights.r017.code,,,,,,interlanguage.asset,0.1.0,,,,,verified,,291,949dd36cef50c170342f4daf3610e79b25fcfdcb4bdc0cd9affc7fbd943ddff7,pass,Intro-Math-Programming/baseText/book/book1-through-ch06-id.tex,,,,
,localized_build_controller,,,,,,,,,,,,,asset.r017.controller.through-simplex,,,,,,,2026-08-23T00:00:00+02:00,,,,codex-r017-o018-id-production,rights.r017.code,,,,,,interlanguage.asset,0.1.0,,,,,verified,,580,c10157a785d79bda398d2c47520213ca430e36e2884f8c6221cb6541978c3334,pass,Intro-Math-Programming/baseText/book/book1-through-simplex-id.tex,,,,
,figure_png,,,,,,,,,,,,,asset.r017.cover.ip-region,,,,,,,2026-08-23T00:00:00+02:00,,,,codex-r017-o018-id-production,rights.r017.content,,,,,,interlanguage.asset,0.1.0,22425,3997708c08b2a99aaec5790f2b18b6ea38304c06ab8b9a16bc195d2ec9a05343,,Intro-Math-Programming/baseText/optimization/figures/figures-static/IP-feasible-region.png,built,,22425,3997708c08b2a99aaec5790f2b18b6ea38304c06ab8b9a16bc195d2ec9a05343,pass,Intro-Math-Programming/baseText/optimization/figures/figures-static/IP-feasible-region.png,,,,
,figure_png,,,,,,,,,,,,,asset.r017.cover.lp-region,,,,,,,2026-08-23T00:00:00+02:00,,,,codex-r017-o018-id-production,rights.r017.content,,,,,,interlanguage.asset,0.1.0,19588,ccfba4960e32c1090ca6dc705e5bdc1078799482500c5011be5a4fe7c0d6ab6c,,Intro-Math-Programming/baseText/optimization/figures/figures-static/LP-feasible-region.png,built,,19588,ccfba4960e32c1090ca6dc705e5bdc1078799482500c5011be5a4fe7c0d6ab6c,pass,Intro-Math-Programming/baseText/optimization/figures/figures-static/LP-feasible-region.png,,,,
,figure_png,,,,,,,,,,,,,asset.r017.cover.mip-region,,,,,,,2026-08-23T00:00:00+02:00,,,,codex-r017-o018-id-production,rights.r017.content,,,,,,interlanguage.asset,0.1.0,21843,65467157640e6cbe8873d6a5c9684e7babac731277b8ce98e7151391a2057fd5,,Intro-Math-Programming/baseText/optimization/figures/figures-static/MIP-feasible-region.png,built,,21843,65467157640e6cbe8873d6a5c9684e7babac731277b8ce98e7151391a2057fd5,pass,Intro-Math-Programming/baseText/optimization/figures/figures-static/MIP-feasible-region.png,,,,
,figure_pdf,,,,,,,,,,,,,asset.r017.figure.integer.pdf,,,,,,,2026-08-23T00:00:00+02:00,,,,codex-r017-o018-id-production,rights.r017.content,,,,,,interlanguage.asset,0.1.0,41679,a4c570ab6fb0edfc894d762cda0f148d186dbb0994c9ae98c7be8eab67783572,,Intro-Math-Programming/baseText/Figures/integer-programming.pdf,built,,48893,c694543f5603382c855e16b0dbc5ac3c86870c975caa3cf5cf8cc7b5b663c49f,pass,Intro-Math-Programming/baseText/Figures/integer-programming.pdf,,,,
,figure_source_tex,,,,,,,,,,,,,asset.r017.figure.integer.source,,,,,,,2026-08-23T00:00:00+02:00,,,,codex-r017-o018-id-production,rights.r017.content,,,,,,interlanguage.asset,0.1.0,2057,fc2733586cda89fb64c58fd6003a633bdc09c5af7e8bd8a94eaf3c3cd6d7cf5a,,Intro-Math-Programming/baseText/Figures/integer-programming.tex,built,,2062,8110942168f14d7a2ace6d53855cd1461517157bf9c7272df4fdae34ec12a830,pass,Intro-Math-Programming/baseText/Figures/integer-programming.tex,,,,
,figure_pdf,,,,,,,,,,,,,asset.r017.figure.lp.pdf,,,,,,,2026-08-23T00:00:00+02:00,,,,codex-r017-o018-id-production,rights.r017.content,,,,,,interlanguage.asset,0.1.0,24243,db27fc37fa020eee2e576b60423d949adfcd247da081c9e4bdc6a19b6c7f45fe,,Intro-Math-Programming/baseText/Figures/LP-figure.pdf,built,,27558,9ead9741cf6f6a6aa102869cda414f4857053292545774aa91b3a19f62c9dd72,pass,Intro-Math-Programming/baseText/Figures/LP-figure.pdf,,,,
,figure_source_tex,,,,,,,,,,,,,asset.r017.figure.lp.source,,,,,,,2026-08-23T00:00:00+02:00,,,,codex-r017-o018-id-production,rights.r017.content,,,,,,interlanguage.asset,0.1.0,1904,9fd40dd3d365c9014dd8a3ef7a2edced30552549a64d65d889f998523e2521a7,,Intro-Math-Programming/baseText/Figures/LP-figure.tex,built,,1907,defc6d0bae22212edff16af5c9d616acba68956068b2c4f3b177039e3a330189,pass,Intro-Math-Programming/baseText/Figures/LP-figure.tex,,,,
,figure_pdf,,,,,,,,,,,,,asset.r017.figure.tree.pdf,,,,,,,2026-08-23T00:00:00+02:00,,,,codex-r017-o018-id-production,rights.r017.content,,,,,,interlanguage.asset,0.1.0,44463,d679aa704ef3042fc8285d43b1919bb333c0e5d61d4ff78580e31bba2d019bab,,Intro-Math-Programming/baseText/Figures/tree-diagram-types.pdf,built,,47020,dc95bd0f3377add3f7f6b4d9918974198896551ddec250b3c998f51c436fd358,pass,Intro-Math-Programming/baseText/Figures/tree-diagram-types.pdf,,,,
,figure_source_tex,,,,,,,,,,,,,asset.r017.figure.tree.source,,,,,,,2026-08-23T00:00:00+02:00,,,,codex-r017-o018-id-production,rights.r017.content,,,,,,interlanguage.asset,0.1.0,3259,e86826b45f2df5389f54b7d74fee36095e54e6eefda07900deec2d1c8275a303,,Intro-Math-Programming/baseText/Figures/tree-diagram-types.tex,built,,3343,96de7c1f8abf16a41a21eda5f30be1b36e2074376f5e79ff39c45e8bc97b9c8f,pass,Intro-Math-Programming/baseText/Figures/tree-diagram-types.tex,,,,
,figure_jpeg,,,,,,,,,,,,,asset.r017.full.figures.excel-sensitivity-jpg,,,,,,,2026-08-23T00:00:00+02:00,included,,,codex-r017-o018-id-production,rights.r017.content,,,,,,interlanguage.asset,0.1.0,116556,5cddb6e114fd70aea630f2d77069e31a2bf43c7d2e6a1f61ee5986b68174a27b,,Intro-Math-Programming/baseText/Figures/excel-sensitivity.JPG,verified,,116556,5cddb6e114fd70aea630f2d77069e31a2bf43c7d2e6a1f61ee5986b68174a27b,pass,Intro-Math-Programming/baseText/Figures/excel-sensitivity.JPG,,,,
,figure_jpeg,,,,,,,,,,,,,asset.r017.full.figures.excel-sensitivity-report-jpg,,,,,,,2026-08-23T00:00:00+02:00,included,,,codex-r017-o018-id-production,rights.r017.content,,,,,,interlanguage.asset,0.1.0,235072,29303a648dde60078818355832163a53eb12f6a4ee962ad37df36473b08b4c9f,,Intro-Math-Programming/baseText/Figures/excel-sensitivity-report.JPG,verified,,235072,29303a648dde60078818355832163a53eb12f6a4ee962ad37df36473b08b4c9f,pass,Intro-Math-Programming/baseText/Figures/excel-sensitivity-report.JPG,,,,
,figure_jpeg,,,,,,,,,,,,,asset.r017.full.figures.excel-setup-jpg,,,,,,,2026-08-23T00:00:00+02:00,included,,,codex-r017-o018-id-production,rights.r017.content,,,,,,interlanguage.asset,0.1.0,109958,6fe087bdedb54930a1dcaf827ce75b8524edea3c92ddbf9374346d9fd5b0f8bd,,Intro-Math-Programming/baseText/Figures/excel-setup.JPG,verified,,109958,6fe087bdedb54930a1dcaf827ce75b8524edea3c92ddbf9374346d9fd5b0f8bd,pass,Intro-Math-Programming/baseText/Figures/excel-setup.JPG,,,,
,figure_png,,,,,,,,,,,,,asset.r017.full.figures.konigsberg-bridges-png,,,,,,,2026-08-23T00:00:00+02:00,included,,,codex-r017-o018-id-production,rights.thirdparty.konigsberg-wikimedia,,,,,,interlanguage.asset,0.1.0,32956,6c8963bdeb2f92b5f5ca49f65476e1e97a0f9dea5ab36c839d2be542714081e2,,Intro-Math-Programming/baseText/Figures/Konigsberg_bridges.png,verified,,32956,6c8963bdeb2f92b5f5ca49f65476e1e97a0f9dea5ab36c839d2be542714081e2,pass,Intro-Math-Programming/baseText/Figures/Konigsberg_bridges.png,,,,
,figure_pdf,,,,,,,,,,,,,asset.r017.full.figures.pareto-curve-pdf,,,,,,,2026-08-23T00:00:00+02:00,included,,,codex-r017-o018-id-production,rights.r017.content,,,,,,interlanguage.asset,0.1.0,29283,6d7037197309a2fe91f34c805c6b14330566ce31e3a0337a73e5f205d05f5dc1,,Intro-Math-Programming/baseText/Figures/pareto-curve.pdf,verified,,29283,6d7037197309a2fe91f34c805c6b14330566ce31e3a0337a73e5f205d05f5dc1,pass,Intro-Math-Programming/baseText/Figures/pareto-curve.pdf,,,,
,figure_pdf,,,,,,,,,,,,,asset.r017.full.figures.risk-plot-pdf,,,,,,,2026-08-23T00:00:00+02:00,included,,,codex-r017-o018-id-production,rights.r017.content,,,,,,interlanguage.asset,0.1.0,54488,2353bdf8c6e5ba0f62ce73d350d923ebae58a29b0750743379d8305643f747f1,,Intro-Math-Programming/baseText/Figures/risk-plot.pdf,verified,,54488,2353bdf8c6e5ba0f62ce73d350d923ebae58a29b0750743379d8305643f747f1,pass,Intro-Math-Programming/baseText/Figures/risk-plot.pdf,,,,
,figure_jpeg,,,,,,,,,,,,,asset.r017.full.figures.sensitivity-objective-jpg,,,,,,,2026-08-23T00:00:00+02:00,included,,,codex-r017-o018-id-production,rights.r017.content,,,,,,interlanguage.asset,0.1.0,195173,5effeda88d6877a4cf2a498da801652197dd42886bd5890b38001e5ae6054880,,Intro-Math-Programming/baseText/Figures/sensitivity-objective.JPG,verified,,195173,5effeda88d6877a4cf2a498da801652197dd42886bd5890b38001e5ae6054880,pass,Intro-Math-Programming/baseText/Figures/sensitivity-objective.JPG,,,,
,figure_png,,,,,,,,,,,,,asset.r017.full.graph-theory.dijkstra-soln-png,,,,,,,2026-08-23T00:00:00+02:00,included,,,codex-r017-o018-id-production,rights.r017.content,,,,,,interlanguage.asset,0.1.0,27650,d2f4c824d01046480782ef8c9b73a4e68ed62c8922ccbf48c9ed351478e6c4cf,,Intro-Math-Programming/baseText/graph-theory-graphics/dijkstra-soln.png,verified,,27650,d2f4c824d01046480782ef8c9b73a4e68ed62c8922ccbf48c9ed351478e6c4cf,pass,Intro-Math-Programming/baseText/graph-theory-graphics/dijkstra-soln.png,,,,
,figure_png,,,,,,,,,,,,,asset.r017.full.graph-theory.dijkstra0-png,,,,,,,2026-08-23T00:00:00+02:00,included,,,codex-r017-o018-id-production,rights.r017.content,,,,,,interlanguage.asset,0.1.0,21883,e460cc2ad54ec19520237f8fa23a81ab9c22d75b1435045701e794c9ad685e58,,Intro-Math-Programming/baseText/graph-theory-graphics/dijkstra0.png,verified,,21883,e460cc2ad54ec19520237f8fa23a81ab9c22d75b1435045701e794c9ad685e58,pass,Intro-Math-Programming/baseText/graph-theory-graphics/dijkstra0.png,,,,
,figure_png,,,,,,,,,,,,,asset.r017.full.graph-theory.dijkstra1-png,,,,,,,2026-08-23T00:00:00+02:00,included,,,codex-r017-o018-id-production,rights.r017.content,,,,,,interlanguage.asset,0.1.0,23539,c32dc9c4bad1d1edf075b795a3eafae36c68846c3ebfd3575f5bf770b2688cd0,,Intro-Math-Programming/baseText/graph-theory-graphics/dijkstra1.png,verified,,23539,c32dc9c4bad1d1edf075b795a3eafae36c68846c3ebfd3575f5bf770b2688cd0,pass,Intro-Math-Programming/baseText/graph-theory-graphics/dijkstra1.png,,,,
,figure_png,,,,,,,,,,,,,asset.r017.full.graph-theory.dijkstra2-png,,,,,,,2026-08-23T00:00:00+02:00,included,,,codex-r017-o018-id-production,rights.r017.content,,,,,,interlanguage.asset,0.1.0,24859,bbc295086312a1b63431279c0dd54c6e1c629aa901e11228ee46875bc9883869,,Intro-Math-Programming/baseText/graph-theory-graphics/dijkstra2.png,verified,,24859,bbc295086312a1b63431279c0dd54c6e1c629aa901e11228ee46875bc9883869,pass,Intro-Math-Programming/baseText/graph-theory-graphics/dijkstra2.png,,,,
,figure_png,,,,,,,,,,,,,asset.r017.full.graph-theory.dijkstra3-png,,,,,,,2026-08-23T00:00:00+02:00,included,,,codex-r017-o018-id-production,rights.r017.content,,,,,,interlanguage.asset,0.1.0,26365,02aac6a76f372a2d9e197ae5e65369c5ecfa3fcd236587bc28db0d592b7fd3fd,,Intro-Math-Programming/baseText/graph-theory-graphics/dijkstra3.png,verified,,26365,02aac6a76f372a2d9e197ae5e65369c5ecfa3fcd236587bc28db0d592b7fd3fd,pass,Intro-Math-Programming/baseText/graph-theory-graphics/dijkstra3.png,,,,
,figure_png,,,,,,,,,,,,,asset.r017.full.graph-theory.dijkstra4-png,,,,,,,2026-08-23T00:00:00+02:00,included,,,codex-r017-o018-id-production,rights.r017.content,,,,,,interlanguage.asset,0.1.0,28935,0f3b151d4bf9cc5cfa9e8b292f58ca70456492c633e8af97b181b76a24ae4004,,Intro-Math-Programming/baseText/graph-theory-graphics/dijkstra4.png,verified,,28935,0f3b151d4bf9cc5cfa9e8b292f58ca70456492c633e8af97b181b76a24ae4004,pass,Intro-Math-Programming/baseText/graph-theory-graphics/dijkstra4.png,,,,
,figure_png,,,,,,,,,,,,,asset.r017.full.graph-theory.dijkstra5-png,,,,,,,2026-08-23T00:00:00+02:00,included,,,codex-r017-o018-id-production,rights.r017.content,,,,,,interlanguage.asset,0.1.0,30226,02dbe69b72de51e945e80f51ec00689dadfcb9fe46aa2fea9e9b3831ee32b516,,Intro-Math-Programming/baseText/graph-theory-graphics/dijkstra5.png,verified,,30226,02dbe69b72de51e945e80f51ec00689dadfcb9fe46aa2fea9e9b3831ee32b516,pass,Intro-Math-Programming/baseText/graph-theory-graphics/dijkstra5.png,,,,
,figure_png,,,,,,,,,,,,,asset.r017.full.graph-theory.dijkstra6-png,,,,,,,2026-08-23T00:00:00+02:00,included,,,codex-r017-o018-id-production,rights.r017.content,,,,,,interlanguage.asset,0.1.0,31226,c0274aab66503669ebd126c28d7454b04a2600cf1f79b79ef9a1729f2066e198,,Intro-Math-Programming/baseText/graph-theory-graphics/dijkstra6.png,verified,,31226,c0274aab66503669ebd126c28d7454b04a2600cf1f79b79ef9a1729f2066e198,pass,Intro-Math-Programming/baseText/graph-theory-graphics/dijkstra6.png,,,,
,figure_png,,,,,,,,,,,,,asset.r017.full.graph-theory.dijkstra7-png,,,,,,,2026-08-23T00:00:00+02:00,included,,,codex-r017-o018-id-production,rights.r017.content,,,,,,interlanguage.asset,0.1.0,33104,bb7075c8436a106268cab903d342ba039359e95fd8b2a6ebaa4c670999af5882,,Intro-Math-Programming/baseText/graph-theory-graphics/dijkstra7.png,verified,,33104,bb7075c8436a106268cab903d342ba039359e95fd8b2a6ebaa4c670999af5882,pass,Intro-Math-Programming/baseText/graph-theory-graphics/dijkstra7.png,,,,
,figure_png,,,,,,,,,,,,,asset.r017.full.graph-theory.dijkstra8-png,,,,,,,2026-08-23T00:00:00+02:00,included,,,codex-r017-o018-id-production,rights.r017.content,,,,,,interlanguage.asset,0.1.0,33057,d9fb3c99f2048068756bd995b6a5820b0e342bc160c63fe2b0206a8c3d3207c9,,Intro-Math-Programming/baseText/graph-theory-graphics/dijkstra8.png,verified,,33057,d9fb3c99f2048068756bd995b6a5820b0e342bc160c63fe2b0206a8c3d3207c9,pass,Intro-Math-Programming/baseText/graph-theory-graphics/dijkstra8.png,,,,
,figure_png,,,,,,,,,,,,,asset.r017.full.graph-theory.graphexercise1-png,,,,,,,2026-08-23T00:00:00+02:00,included,,,codex-r017-o018-id-production,rights.thirdparty.lippman,,,,,,interlanguage.asset,0.1.0,6233,addf504267ff46330fc65278e049976e75a26cd4dfbe0a57cd13c3f4de454c3d,,Intro-Math-Programming/baseText/graph-theory-graphics/GraphExercise1.png,verified,,6233,addf504267ff46330fc65278e049976e75a26cd4dfbe0a57cd13c3f4de454c3d,pass,Intro-Math-Programming/baseText/graph-theory-graphics/GraphExercise1.png,,,,
,figure_png,,,,,,,,,,,,,asset.r017.full.graph-theory.graphexercise2-png,,,,,,,2026-08-23T00:00:00+02:00,included,,,codex-r017-o018-id-production,rights.thirdparty.lippman,,,,,,interlanguage.asset,0.1.0,12416,3df1d74ea7fdd8a0dd4e5dc9ca2fd21c505e8defb204690a171d033440c2a0da,,Intro-Math-Programming/baseText/graph-theory-graphics/GraphExercise2.png,verified,,12416,3df1d74ea7fdd8a0dd4e5dc9ca2fd21c505e8defb204690a171d033440c2a0da,pass,Intro-Math-Programming/baseText/graph-theory-graphics/GraphExercise2.png,,,,
,figure_png,,,,,,,,,,,,,asset.r017.full.graph-theory.graphpicture-png,,,,,,,2026-08-23T00:00:00+02:00,included,,,codex-r017-o018-id-production,rights.thirdparty.lippman-sam-beebe,,,,,,interlanguage.asset,0.1.0,738362,31604e5e20caab8bc39cc80dbd03633a000c8b7213c13f864d8179248bf012dc,,Intro-Math-Programming/baseText/graph-theory-graphics/GraphPicture.png,verified,,738362,31604e5e20caab8bc39cc80dbd03633a000c8b7213c13f864d8179248bf012dc,pass,Intro-Math-Programming/baseText/graph-theory-graphics/GraphPicture.png,,,,
,figure_png,,,,,,,,,,,,,asset.r017.full.graph-theory.graphpicturedot-png,,,,,,,2026-08-23T00:00:00+02:00,included,,,codex-r017-o018-id-production,rights.thirdparty.lippman-sam-beebe,,,,,,interlanguage.asset,0.1.0,204888,ac641e53b79da759306db0aee4625b4d29010ef45232c47d9c1483cb194bb85f,,Intro-Math-Programming/baseText/graph-theory-graphics/GraphPictureDot.png,verified,,204888,ac641e53b79da759306db0aee4625b4d29010ef45232c47d9c1483cb194bb85f,pass,Intro-Math-Programming/baseText/graph-theory-graphics/GraphPictureDot.png,,,,
,book_asset,,,,,,,,,,,,,asset.r017.full.optimization-static.00-metadata-bib,,,,,,,2026-08-23T00:00:00+02:00,included,,,codex-r017-o018-id-production,rights.r017.content,,,,,,interlanguage.asset,0.1.0,71076,d4aea30cb180732126f81989096b35ff938447fe6df9ae0ed408c592c9664aed,,Intro-Math-Programming/baseText/optimization/figures/figures-static/00_METADATA.bib,verified,,71237,fe65b23760b9e052ad56467abd0fd58e46a6a9d1e29fdad1933bab3e388253d8,pass,Intro-Math-Programming/baseText/optimization/figures/figures-static/00_METADATA.bib,,,,
,figure_pdf,,,,,,,,,,,,,asset.r017.full.optimization-static.facility-location-pdf,,,,,,,2026-08-23T00:00:00+02:00,included,,,codex-r017-o018-id-production,rights.r017.content,,,,,,interlanguage.asset,0.1.0,16330,3dc485e534c968d8de2b902dc19de8bd76654098e5c6dd3a177a4bca2c077f2b,,Intro-Math-Programming/baseText/optimization/figures/figures-static/facility-location.pdf,verified,,21032,098555c32615eeea1984fefaa402c6bb3e0953a127265e08c97ce25c549339d7,pass,Intro-Math-Programming/baseText/optimization/figures/figures-static/facility-location.pdf,,,,
,figure_source_tex,,,,,,,,,,,,,asset.r017.full.optimization-static.facility-location-tex,,,,,,,2026-08-23T00:00:00+02:00,included,,,codex-r017-o018-id-production,rights.r017.content,,,,,,interlanguage.asset,0.1.0,2512,248e74eb2e0ca09d8c4e612e0c8c0c21a3f811eb2b84ff4de9d2f28dc7670b41,,Intro-Math-Programming/baseText/optimization/figures/figures-static/facility-location.tex,verified,,2469,1f4ba5e7fb1a81da7078a600a6cb057faf05c153962b73a174d430ae3278bbee,pass,Intro-Math-Programming/baseText/optimization/figures/figures-static/facility-location.tex,,,,
,figure_png,,,,,,,,,,,,,asset.r017.full.optimization-static.jssp-duplo-actual-png,,,,,,,2026-08-23T00:00:00+02:00,included,,,codex-r017-o018-id-production,rights.r017.content,,,,,,interlanguage.asset,0.1.0,15654640,591dd208d275fad8de28a3d16de9170850e335fccb04426c1c8f2fe130a02db1,,Intro-Math-Programming/baseText/optimization/figures/figures-static/jssp-duplo-actual.png,verified,,15654640,591dd208d275fad8de28a3d16de9170850e335fccb04426c1c8f2fe130a02db1,pass,Intro-Math-Programming/baseText/optimization/figures/figures-static/jssp-duplo-actual.png,,,,
,figure_png,,,,,,,,,,,,,asset.r017.full.optimization-static.jssp-duplo-png,,,,,,,2026-08-23T00:00:00+02:00,included,,,codex-r017-o018-id-production,rights.r017.content,,,,,,interlanguage.asset,0.1.0,11869,933410f7c8bb2475d05e3abc73dc6e6d43da2f0d65036aa9e62c84d9a8d6df53,,Intro-Math-Programming/baseText/optimization/figures/figures-static/jssp-duplo.png,verified,,11869,933410f7c8bb2475d05e3abc73dc6e6d43da2f0d65036aa9e62c84d9a8d6df53,pass,Intro-Math-Programming/baseText/optimization/figures/figures-static/jssp-duplo.png,,,,
,figure_png,,,,,,,,,,,,,asset.r017.full.optimization-static.jssp-png,,,,,,,2026-08-23T00:00:00+02:00,included,,,codex-r017-o018-id-production,rights.r017.content,,,,,,interlanguage.asset,0.1.0,11272,7c0681738b022d77f9b1890707ab75e2b55f6109445c117d643e6cdd932fc95f,,Intro-Math-Programming/baseText/optimization/figures/figures-static/jssp.png,verified,,11272,7c0681738b022d77f9b1890707ab75e2b55f6109445c117d643e6cdd932fc95f,pass,Intro-Math-Programming/baseText/optimization/figures/figures-static/jssp.png,,,,
,figure_png,,,,,,,,,,,,,asset.r017.full.optimization-static.new-york-tolls-png,,,,,,,2026-08-23T00:00:00+02:00,included,,,codex-r017-o018-id-production,rights.r017.content,,,,,,interlanguage.asset,0.1.0,118205,590293a6662d51c5c92639967f8d2a32163cd056818cabc92e6de4968b224228,,Intro-Math-Programming/baseText/optimization/figures/figures-static/new-york-tolls.png,verified,,118205,590293a6662d51c5c92639967f8d2a32163cd056818cabc92e6de4968b224228,pass,Intro-Math-Programming/baseText/optimization/figures/figures-static/new-york-tolls.png,,,,
,figure_png,,,,,,,,,,,,,asset.r017.full.optimization-static.pwl-plot-png,,,,,,,2026-08-23T00:00:00+02:00,included,,,codex-r017-o018-id-production,rights.r017.content,,,,,,interlanguage.asset,0.1.0,13889,4b140bf9809fd3eccfe53c0f265eec3fc7c3b03ca2ca1f15164d56166d19cdd2,,Intro-Math-Programming/baseText/optimization/figures/figures-static/pwl-plot.png,verified,,13889,4b140bf9809fd3eccfe53c0f265eec3fc7c3b03ca2ca1f15164d56166d19cdd2,pass,Intro-Math-Programming/baseText/optimization/figures/figures-static/pwl-plot.png,,,,
,figure_png,,,,,,,,,,,,,asset.r017.full.optimization-static.strippacking0-png,,,,,,,2026-08-23T00:00:00+02:00,included,,,codex-r017-o018-id-production,rights.r017.content,,,,,,interlanguage.asset,0.1.0,22713,59ae5874fc7aeca6bde501e7c4a39a2b18de3649c70e7ac6c35b690867bcf592,,Intro-Math-Programming/baseText/optimization/figures/figures-static/StripPacking0.png,verified,,22713,59ae5874fc7aeca6bde501e7c4a39a2b18de3649c70e7ac6c35b690867bcf592,pass,Intro-Math-Programming/baseText/optimization/figures/figures-static/StripPacking0.png,,,,
,figure_png,,,,,,,,,,,,,asset.r017.full.optimization-static.strippacking1-png,,,,,,,2026-08-23T00:00:00+02:00,included,,,codex-r017-o018-id-production,rights.r017.content,,,,,,interlanguage.asset,0.1.0,8653,67ee35741b989ba058fbac169bd669223bba57b6dc3452d637ca8ab88cd9c9cb,,Intro-Math-Programming/baseText/optimization/figures/figures-static/StripPacking1.png,verified,,8653,67ee35741b989ba058fbac169bd669223bba57b6dc3452d637ca8ab88cd9c9cb,pass,Intro-Math-Programming/baseText/optimization/figures/figures-static/StripPacking1.png,,,,
,figure_png,,,,,,,,,,,,,asset.r017.full.optimization-static.strippacking2-png,,,,,,,2026-08-23T00:00:00+02:00,included,,,codex-r017-o018-id-production,rights.r017.content,,,,,,interlanguage.asset,0.1.0,35555,9e3601de0a92a77fa5a19c3afbaec051b9106477968a3f9058ac730312d71101,,Intro-Math-Programming/baseText/optimization/figures/figures-static/StripPacking2.png,verified,,35555,9e3601de0a92a77fa5a19c3afbaec051b9106477968a3f9058ac730312d71101,pass,Intro-Math-Programming/baseText/optimization/figures/figures-static/StripPacking2.png,,,,
,figure_png,,,,,,,,,,,,,asset.r017.full.optimization-static.wiki-file-knapsack-png,,,,,,,2026-08-23T00:00:00+02:00,included,,,codex-r017-o018-id-production,rights.thirdparty.knapsack-wikimedia,,,,,,interlanguage.asset,0.1.0,,,,,verified,,176574,2487d5631b5fa15f4853f7f6e4c6ba69347d6ce223c43008dce5b9f02ba0f413,pass,Intro-Math-Programming/baseText/optimization/figures/figures-static/wiki-File-knapsack.png,,,,
,figure_png,,,,,,,,,,,,,asset.r017.full.optimization-static.wiki-file-petersen-graph-3-coloring-png,,,,,,,2026-08-23T00:00:00+02:00,included,,,codex-r017-o018-id-production,rights.thirdparty.petersen-public-domain,,,,,,interlanguage.asset,0.1.0,37775,d2827e57b224d93cd5a5584b4c0e7f9ed279c5937548a804f92cc8e5cdf5227f,,Intro-Math-Programming/baseText/optimization/figures/figures-static/wiki-File-Petersen-graph-3-coloring.png,verified,,37775,d2827e57b224d93cd5a5584b4c0e7f9ed279c5937548a804f92cc8e5cdf5227f,pass,Intro-Math-Programming/baseText/optimization/figures/figures-static/wiki-File-Petersen-graph-3-coloring.png,,,,
,logo_png,,,,,,,,,,,,,asset.r017.logo.open-optimization,,,,,,,2026-08-23T00:00:00+02:00,,,,codex-r017-o018-id-production,rights.r017.content,,,,,,interlanguage.asset,0.1.0,69854,46171cce4148f3f1b11dd538840c62f647a7d78e3ae46b343d41e72f880cb071,,Intro-Math-Programming/baseText/open-optimization-common/logos/logo-open-optimization-oer-wide.png,built,,69854,46171cce4148f3f1b11dd538840c62f647a7d78e3ae46b343d41e72f880cb071,pass,Intro-Math-Programming/baseText/open-optimization-common/logos/logo-open-optimization-oer-wide.png,,,,
,source_accessibility_inventory_csv,,,,,,,,,,,,,asset.r017.upstream.alt-text-inventory,,,,,,,2026-08-23T00:00:00+02:00,,,,codex-r017-o018-id-production,rights.r017.code,,,,,,interlanguage.asset,0.1.0,121988,c426188f2f757e070ad18dfacb28797c65290e12890de1dc9397634f106e56db,,Intro-Math-Programming/baseText/book/alt-text-inventory.csv,source_frozen,,,,,,,,,
,source_asset_inventory_json,,,,,,,,,,,,,asset.r017.upstream.includegraphics-inventory,,,,,,,2026-08-23T00:00:00+02:00,,,,codex-r017-o018-id-production,rights.r017.code,,,,,,interlanguage.asset,0.1.0,59191,d322e52ccab9dd79c5c6da4275604f671f999f2aa6a7e8a00cc6e2f2ea314331,,Intro-Math-Programming/baseText/book/includegraphics-inventory.json,source_frozen,,,,,,,,,
,react_application_entrypoint,,,,,present_in_target_tree; public shipment not asserted until release rebuild,,,,,,,,asset.r017.visualization-runtime.app-entry,,,,,,,2026-08-23T00:00:00+02:00,,,,codex-r017-o018-id-production,rights.r017.code,,,artifact.backend.machine-backend-evidence,,,interlanguage.asset,0.1.0,,,,,verified,,1913,31368b1c0e9628ce48b6b184e57411810b25d9aba112bb059c760e3a598681f4,pass,visualizations/source/src/App.jsx,,application_router,,
,source_exclusion_configuration,,,,,present_in_target_tree; public shipment not asserted until release rebuild,,,,,,,,asset.r017.visualization-runtime.gitignore,,,,,,,2026-08-23T00:00:00+02:00,,,,codex-r017-o018-id-production,rights.r017.code,,,artifact.backend.machine-backend-evidence,,,interlanguage.asset,0.1.0,,,,,verified,,20,58aea3d6b4b0f8799c1e00c3b023898516997f6369ee8e13d8d4b4215f70a62b,pass,visualizations/source/.gitignore,,generated_directory_exclusion,,
,html_application_entrypoint,,,,,present_in_target_tree; public shipment not asserted until release rebuild,,,,,,,,asset.r017.visualization-runtime.index-html,,,,,,,2026-08-23T00:00:00+02:00,,,,codex-r017-o018-id-production,rights.r017.code,,,artifact.backend.machine-backend-evidence,,,interlanguage.asset,0.1.0,,,,,verified,,332,470196395ae5c93e9daab7b25b3c389b69bdb2e47efa9dae49c49f8bbb3079f7,pass,visualizations/source/index.html,,browser_entrypoint,,
,react_dom_entrypoint,,,,,present_in_target_tree; public shipment not asserted until release rebuild,,,,,,,,asset.r017.visualization-runtime.main-entry,,,,,,,2026-08-23T00:00:00+02:00,,,,codex-r017-o018-id-production,rights.r017.code,,,artifact.backend.machine-backend-evidence,,,interlanguage.asset,0.1.0,,,,,verified,,253,dd9408c4ee02984c76a4d32baf9c6d31cff7eed7395432d49c0aa2a9df041eb1,pass,visualizations/source/src/main.jsx,,react_dom_bootstrap,,
,javascript_package_manifest,,,,,present_in_target_tree; public shipment not asserted until release rebuild,,,,,,,,asset.r017.visualization-runtime.package-json,,,,,,,2026-08-23T00:00:00+02:00,,,,codex-r017-o018-id-production,rights.r017.code,,,artifact.backend.machine-backend-evidence,,,interlanguage.asset,0.1.0,,,,,verified,,442,6f47b8ca6edba0a37f9a3207cc72e1583146c5199c559fe13ad6a7858fa3321f,pass,visualizations/source/package.json,,pinned_runtime_manifest,,
,javascript_dependency_lockfile,,,,,present_in_target_tree; public shipment not asserted until release rebuild,,,,,,,,asset.r017.visualization-runtime.package-lock,,,,,,,2026-08-23T00:00:00+02:00,,,,codex-r017-o018-id-production,rights.r017.code,,,artifact.backend.machine-backend-evidence,,,interlanguage.asset,0.1.0,,,,,verified,,57641,14949fd4426d3e342124b6da0199279ed7c5d7a33c3043d79494cac712c87525,pass,visualizations/source/package-lock.json,,pinned_transitive_dependency_lock,,
,runtime_build_instructions,,,,,present_in_target_tree; public shipment not asserted until release rebuild,,,,,,,,asset.r017.visualization-runtime.readme,,,,,,,2026-08-23T00:00:00+02:00,,,,codex-r017-o018-id-production,rights.r017.code,,,artifact.backend.machine-backend-evidence,,,interlanguage.asset,0.1.0,,,,,verified,,608,8da8773015a0c4d21a9015159bf0e38394024421af6d3a126a93e307b5795650,pass,visualizations/source/README.md,,offline_build_instructions,,
,third_party_notice,,,,,present_in_target_tree; public shipment not asserted until release rebuild,,,,,,,,asset.r017.visualization-runtime.third-party-notices,,,,,,,2026-08-23T00:00:00+02:00,,,,codex-r017-o018-id-production,rights.r017.code,,,artifact.backend.machine-backend-evidence,,,interlanguage.asset,0.1.0,,,,,verified,,688,3b9b5a4610ad93826e98ad17b5e9f1d40be1377c0bbc7d3780079b2a3bd7833e,pass,visualizations/source/THIRD_PARTY-NOTICES.md,,runtime_rights_notice,,
,javascript_build_configuration,,,,,present_in_target_tree; public shipment not asserted until release rebuild,,,,,,,,asset.r017.visualization-runtime.vite-config,,,,,,,2026-08-23T00:00:00+02:00,,,,codex-r017-o018-id-production,rights.r017.code,,,artifact.backend.machine-backend-evidence,,,interlanguage.asset,0.1.0,,,,,verified,,150,645d255dc2c536b38cb0c1e2aaa5754263715388b612aed407ef1818b24bd9dd,pass,visualizations/source/vite.config.js,,build_configuration,,
,proprietary_external_dependency,,,,,,,,,,,,,dependency.excel,,,Microsoft Excel,,,,2026-08-23T00:00:00+02:00,,"[""dependency.pyomo"",""dependency.highs""]",,codex-r017-o018-id-production,rights.external.proprietary,,,,,,interlanguage.asset,0.1.0,,,,,replacement_planned,,,,,,,,,
,proprietary_external_dependency,,,,,,,,,,,,,dependency.gurobi,,,Gurobi,,,,2026-08-23T00:00:00+02:00,,"[""dependency.pyomo"",""dependency.highs""]",,codex-r017-o018-id-production,rights.external.proprietary,,,,,,interlanguage.asset,0.1.0,,,,,replacement_planned,,,,,,,,,
,software_dependency,,,,,,,,[],,,,,dependency.highs,,,highspy/HiGHS,,,,2026-08-23T00:00:00+02:00,,,,codex-r017-o018-id-production,rights.highspy.runtime,CPython 3.12.13 / Windows AMD64,,,,,interlanguage.asset,0.1.0,,,,,verified,,,,,,1.15.1,,artifact.runtime-wheel.highspy-1.15.1,
,software_dependency,,,,,,,,,,,,,dependency.numpy,,,NumPy,,,,2026-08-23T00:00:00+02:00,,,,codex-r017-o018-id-production,rights.numpy.runtime,CPython 3.12.13 / Windows AMD64,,,,,interlanguage.asset,0.1.0,,,,,verified,,,,,,2.5.2,,artifact.runtime-wheel.numpy-2.5.2,
,software_dependency,,,,,,,,,,,,,dependency.pyomo,,,Pyomo,,,,2026-08-23T00:00:00+02:00,,,,codex-r017-o018-id-production,rights.pyomo.runtime,CPython 3.12.13 / Windows AMD64,,,,,interlanguage.asset,0.1.0,,,,,verified,,,,,,6.10.1,,artifact.runtime-wheel.pyomo-6.10.1,
